year,Company,CIK,Revenue,NetIncomeLoss,Payments to acquire property
2018,AAPL,320193,265595000000.0,59531000000.0,-13313000000.0
2018,MSFT,789019,Income statement not found,cash flow not found,cash flow not found
2018,AMZN,1018724,0,10073000000.0,-13427000000.0
2018,FB,1326801,0,22112000000.0,-13915000000.0
2018,GOOGL,1652044,0,30736000000.0,-25139000000.0
2018,JPM,19617,0,32474000000.0,tag not found
2018,JNJ,200406,Income statement not found,15297000000.0,-3670000000.0
2018,V,1403161,20609000000.0,0,-718000000.0
2018,PG,80424,Income statement not found,0,-3717000000.0
2018,INTC,50863,0,21053000000.0,-15181000000.0
2018,MA,1141391,Income statement not found,cash flow not found,cash flow not found
2018,BAC,70858,Income statement not found,cash flow not found,cash flow not found
2018,UNH,731766,226247000000.0,0,-2063000000.0
2018,T,732717,170756000000.0,0,-20758000000.0
2018,XOM,34088,Income statement not found,cash flow not found,cash flow not found
2018,HD,354950,Income statement not found,11121000000.0,-2442000000.0
2018,DIS,1001039,59434000000.0,0,-4465000000.0
2018,VZ,732712,130863000000.0,0,-16658000000.0
2018,KO,21344,31856000000.0,0,-1347000000.0
2018,MRK,310158,Income statement not found,cash flow not found,cash flow not found
2018,PFE,78003,0,0,-2042000000.0
2018,CVX,93410,Income statement not found,cash flow not found,cash flow not found
2018,CSCO,858877,49330000000.0,110000000.0,-834000000.0
2018,PEP,77476,Income statement not found,cash flow not found,cash flow not found
2018,CMCSA,1166691,Income statement not found,cash flow not found,cash flow not found
2018,WFC,72971,Income statement not found,cash flow not found,cash flow not found
2018,ADBE,796343,9030008000.0,2590774000.0,-266579000.0
2018,BA,12927,28341000000.0,2590774000.0,-266579000.0
2018,C,831001,Income statement not found,cash flow not found,cash flow not found
2018,WMT,104169,514405000000.0,0,-10344000000.0
2018,MDT,1613103,29953000000.0,0,-1068000000.0
2018,MCD,63908,Income statement not found,cash flow not found,cash flow not found
2018,NFLX,1065280,15794341000.0,1211242000.0,-173946000.0
2018,ABT,1800,0,cash flow not found,cash flow not found
2018,CRM,1108524,0,1110000000.0,-595000000.0
2018,BMY,14272,Income statement not found,0,-951000000.0
2018,NVDA,1045810,0,4141000000.0,tag not found
2018,PYPL,1633917,0,2057000000.0,-823000000.0
2018,AMGN,318154,23747000000.0,8394000000.0,-738000000.0
2018,IBM,51143,79591000000.0,cash flow not found,cash flow not found
2018,COST,909832,79591000000.0,cash flow not found,cash flow not found
2018,ACN,1467373,Income statement not found,cash flow not found,cash flow not found
2018,TMO,97745,Income statement not found,cash flow not found,cash flow not found
2018,PM,1413329,Income statement not found,0,-1436000000.0
2018,NEE,753308,0,0,tag not found
2018,UNP,100885,22832000000.0,5966000000.0,-3437000000.0
2018,ABBV,1551152,Income statement not found,5687000000.0,-638000000.0
2018,HON,773840,Income statement not found,cash flow not found,cash flow not found
2018,UTX,101829,Income statement not found,cash flow not found,cash flow not found
2018,LLY,59478,24555700000.0,3232000000.0,tag not found
2018,TXN,97476,0,5580000000.0,-1131000000.0
2018,NKE,320187,0,5580000000.0,-1131000000.0
2018,AVGO,1649338,0,5580000000.0,-1131000000.0
2018,ORCL,1341439,0,5580000000.0,-1131000000.0
2018,GE,40545,Income statement not found,cash flow not found,cash flow not found
2018,LMT,936468,Income statement not found,5046000000.0,-1278000000.0
2018,TSLA,1318605,21461268000.0,0,-2100724000.0
2018,QCOM,804328,22732000000.0,0,-784000000.0
2018,AMT,1053507,7440100000.0,0,-913200000.0
2018,SBUX,829224,Income statement not found,0,-913200000.0
2018,DHR,313616,Income statement not found,2650900000.0,-655700000.0
2018,LOW,60667,Income statement not found,0,-1123000000.0
2018,CVS,64803,194579000000.0,0,-2037000000.0
2018,MMM,66740,Income statement not found,cash flow not found,cash flow not found
2018,AXP,4962,0,6921000000.0,-1310000000.0
2018,FIS,1136893,Income statement not found,6921000000.0,-1310000000.0
2018,MO,764180,Income statement not found,0,-238000000.0
2018,GILD,882095,0,0,-924000000.0
2018,MDLZ,1103982,Income statement not found,0,-1095000000.0
2018,CHTR,1091667,11231000000.0,0,-9125000000.0
2018,USB,36104,Income statement not found,cash flow not found,cash flow not found
2018,GS,886982,Income statement not found,0,-7982000000.0
2018,ADP,8670,Income statement not found,cash flow not found,cash flow not found
2018,BDX,10795,15983000000.0,311000000.0,-895000000.0
2018,CI,701221,41616000000.0,0,-471000000.0
2018,CME,1156375,4309400000.0,0,-116700000.0
2018,TJX,109198,35864664000.0,2607948000.0,-1057617000.0
2018,SYK,310764,Income statement not found,3553000000.0,-572000000.0
2018,CB,896159,Income statement not found,3962000000.0,tag not found
2018,UPS,1090727,Income statement not found,cash flow not found,cash flow not found
2018,CAT,18230,Income statement not found,cash flow not found,cash flow not found
2018,ANTM,1156039,92105000000.0,3750000000.0,-1208000000.0
2018,SPGI,64040,0,0,-113000000.0
2018,INTU,896878,5964000000.0,1211000000.0,-38000000.0
2018,SO,92122,0,1211000000.0,-38000000.0
2018,DUK,1326160,0,54000000.0,-113000000.0
2018,D,715957,13366000000.0,2447000000.0,-4254000000.0
2018,FISV,798354,5823000000.0,1187000000.0,-360000000.0
2018,PLD,1045609,2804449000.0,0,tag not found
2018,PNC,713676,Income statement not found,cash flow not found,cash flow not found
2018,ISRG,1035267,0,0,-187400000.0
2018,ZTS,1555280,5825000000.0,0,-187400000.0
2018,COP,1163165,Income statement not found,cash flow not found,cash flow not found
2018,BLK,1364742,0,0,-204000000.0
2018,MS,895421,Income statement not found,cash flow not found,cash flow not found
2018,CL,21665,0,0,-436000000.0
2018,RTN,1047122,27058000000.0,0,-436000000.0
2018,NOW,1373715,Income statement not found,-26704000.0,-224462000.0
2018,AGN,1578845,0,-26704000.0,-224462000.0
2018,MU,723125,30391000000.0,0,-8879000000.0
2018,CCI,1051470,Income statement not found,cash flow not found,cash flow not found
2018,VRTX,875320,0,0,-95524000.0
2018,BIIB,875045,13452900000.0,0,-58200000.0
2018,GPN,1123360,13452900000.0,0,-58200000.0
2018,ITW,49826,14768000000.0,cash flow not found,cash flow not found
2018,BSX,885725,9048000000.0,cash flow not found,cash flow not found
2018,MMC,62709,0,0,-314000000.0
2018,AMAT,6951,17253000000.0,3313000000.0,-622000000.0
2018,CSX,277948,Income statement not found,cash flow not found,cash flow not found
2018,NOC,1133421,Income statement not found,3229000000.0,-1249000000.0
2018,TGT,27419,Income statement not found,0,-3516000000.0
2018,NSC,702165,0,0,-1951000000.0
2018,SCHW,316709,10132000000.0,3507000000.0,-570000000.0
2018,APD,2969,Income statement not found,1497800000.0,-1568400000.0
2018,AON,315293,2770000000.0,0,-240000000.0
2018,DE,315189,Income statement not found,cash flow not found,cash flow not found
2018,WM,823768,0,0,-1694000000.0
2018,ECL,31462,Income statement not found,cash flow not found,cash flow not found
2018,AMD,2488,0,337000000.0,-163000000.0
2018,EQIX,1101239,5071654000.0,365359000.0,tag not found
2018,ICE,1571949,0,0,-134000000.0
2018,AEP,4904,16195700000.0,0,-14600000.0
2018,KMB,55785,Income statement not found,cash flow not found,cash flow not found
2018,COF,927628,0,6015000000.0,-874000000.0
2018,SLB,87347,Income statement not found,cash flow not found,cash flow not found
2018,PGR,80661,Income statement not found,0,-266000000.0
2018,SHW,89800,Income statement not found,cash flow not found,cash flow not found
2018,HUM,49071,14168000000.0,1683000000.0,-612000000.0
2018,EW,1099800,0,0,-238700000.0
2018,LRCX,707549,11076998000.0,0,-238700000.0
2018,EXC,1109357,Income statement not found,0,-7594000000.0
2018,GD,40533,0,cash flow not found,cash flow not found
2018,EMR,32604,Income statement not found,0,-617000000.0
2018,AIG,5272,47389000000.0,0,-617000000.0
2018,SRE,1032208,47389000000.0,0,-617000000.0
2018,EOG,821189,Income statement not found,3419040000.0,tag not found
2018,ATVI,718877,0,1813000000.0,-131000000.0
2018,ADSK,769397,0,-80800000.0,tag not found
2018,BAX,10456,0,-80800000.0,tag not found
2018,ILMN,1110803,0,0,-296000000.0
2018,EL,1001250,Income statement not found,0,-629000000.0
2018,GM,1467858,Income statement not found,0,-8761000000.0
2018,MCO,1059556,0,0,-90400000.0
2018,SPG,1063761,Income statement not found,0,-781909000.0
2018,ADI,6281,6200942000.0,1495432000.0,-254876000.0
2018,ETN,1551182,0,0,-565000000.0
2018,ROST,745732,Income statement not found,1362753000.0,-371423000.0
2018,PSX,1534701,Income statement not found,cash flow not found,cash flow not found
2018,KMI,1506307,14144000000.0,0,-2904000000.0
2018,DG,29534,0,0,-734380000.0
2018,HCA,860730,Income statement not found,0,-3573000000.0
2018,MAR,1048286,5289000000.0,1907000000.0,-556000000.0
2018,ALL,899051,39815000000.0,2252000000.0,-277000000.0
2018,DD,30554,7053000000.0,0,-426000000.0
2018,MET,1099219,67941000000.0,0,-426000000.0
2018,WBA,1618921,Income statement not found,0,-426000000.0
2018,ROP,882835,Income statement not found,944400000.0,-49100000.0
2018,PRU,1137774,62992000000.0,944400000.0,-49100000.0
2018,AFL,4977,Income statement not found,2920000000.0,tag not found
2018,BK,1390777,Income statement not found,cash flow not found,cash flow not found
2018,CNC,1071739,60116000000.0,0,-675000000.0
2018,OXY,797468,0,0,-4975000000.0
2018,XEL,72903,11537000000.0,1261000000.0,-3957000000.0
2018,NEM,1164727,0,0,-1032000000.0
2018,FDX,1048911,0,0,-1032000000.0
2018,SYY,96021,Income statement not found,cash flow not found,cash flow not found
2018,CTSH,1058290,16125000000.0,2101000000.0,-377000000.0
2018,MPC,1510295,0,0,-3578000000.0
2018,TRV,86312,Income statement not found,cash flow not found,cash flow not found
2018,VLO,1035002,0,0,-124000000.0
2018,IR,1466258,Income statement not found,0,-365600000.0
2018,DAL,27904,0,3935000000.0,tag not found
2018,PSA,1393311,Income statement not found,cash flow not found,cash flow not found
2018,F,37996,Income statement not found,cash flow not found,cash flow not found
2018,ZBH,1136869,Income statement not found,0,-162700000.0
2018,YUM,1041061,1558000000.0,1542000000.0,-234000000.0
2018,HPQ,47217,Income statement not found,5327000000.0,-546000000.0
2018,INFO,1598014,4009200000.0,0,-222700000.0
2018,WEC,783325,Income statement not found,0,61400000.0
2018,HLT,1585689,Income statement not found,0,-72000000.0
2018,GIS,40704,Income statement not found,0,-72000000.0
2018,TROW,1113169,0,0,-168500000.0
2018,EA,712515,5150000000.0,1043000000.0,tag not found
2018,OKE,1039684,12593196000.0,0,-2141475000.0
2018,STZ,16918,12593196000.0,0,-2141475000.0
2018,ORLY,898173,0,1324487000.0,-504268000.0
2018,ED,1047862,Income statement not found,cash flow not found,cash flow not found
2018,JCI,833444,31400000000.0,2162000000.0,-1030000000.0
2018,TDG,1260221,3811126000.0,957062000.0,-73341000.0
2018,WDAY,1327811,0,0,-202507000.0
2018,APH,820313,0,cash flow not found,cash flow not found
2018,EQR,906107,2578434000.0,cash flow not found,cash flow not found
2018,REGN,872589,Income statement not found,2444400000.0,-383100000.0
2018,AVB,915912,Income statement not found,0,-3325000.0
2018,MSI,68505,0,966000000.0,-197000000.0
2018,PEG,788784,9696000000.0,1438000000.0,-3912000000.0
2018,PPG,79879,Income statement not found,cash flow not found,cash flow not found
2018,ES,72741,8448201000.0,1040519000.0,-2523371000.0
2018,STT,93751,Income statement not found,cash flow not found,cash flow not found
2018,LULU,1397187,Income statement not found,483801000.0,-225807000.0
2018,EBAY,1065088,Income statement not found,cash flow not found,cash flow not found
2018,SBAC,1034054,1865695000.0,47451000.0,-149812000.0
2018,WLTW,1140536,Income statement not found,0,-268000000.0
2018,PAYX,723531,Income statement not found,0,-268000000.0
2018,FE,1031296,Income statement not found,1348000000.0,-2675000000.0
2018,FLT,1175454,Income statement not found,811483000.0,-81387000.0
2018,MCK,927653,208357000000.0,0,-405000000.0
2018,KLAC,319201,4036701000.0,802265000.0,-66961000.0
2018,EIX,827052,12657000000.0,0,-4509000000.0
2018,PH,76334,Income statement not found,cash flow not found,cash flow not found
2018,LUV,92380,Income statement not found,cash flow not found,cash flow not found
2018,SQ,1512673,3298177000.0,-38453000.0,-61203000.0
2018,VRSK,1442145,0,598700000.0,-231000000.0
2018,PCAR,75362,23495700000.0,0,-457600000.0
2018,A,1090872,Income statement not found,cash flow not found,cash flow not found
2018,MNST,865752,0,0,-61941000.0
2018,PPL,922224,7785000000.0,1827000000.0,-3238000000.0
2018,WMB,107263,Income statement not found,cash flow not found,cash flow not found
2018,VFC,103379,Income statement not found,614923000.0,tag not found
2018,ETR,65984,0,0,tag not found
2018,DLR,1297996,Income statement not found,0,tag not found
2018,ADM,7084,Income statement not found,0,-842000000.0
2018,TMUS,1283699,Income statement not found,2888000000.0,-5541000000.0
2018,O,726728,Income statement not found,0,tag not found
2018,AZO,866787,11221077000.0,0,-521788000.0
2018,SWK,93556,13982400000.0,0,-521788000.0
2018,TWTR,1418091,3042359000.0,0,-483934000.0
2018,SPLK,1353283,0,0,-23160000.0
2018,MCHP,827054,3980800000.0,0,-7100000.0
2018,CMI,26172,23771000000.0,0,-709000000.0
2018,DTE,936340,0,1120000000.0,-1989000000.0
2018,BLL,9389,Income statement not found,0,-816000000.0
2018,CERN,804753,5366325000.0,630059000.0,-446928000.0
2018,AWK,1410636,0,0,-1586000000.0
2018,CTAS,723254,0,0,-1586000000.0
2018,MSCI,1408198,0,0,-1586000000.0
2018,DFS,1393612,0,0,-1586000000.0
2018,TSN,100493,40052000000.0,0,-1200000000.0
2018,CSGP,1057352,0,238334000.0,-29632000.0
2018,RMD,943819,0,315588000.0,-62581000.0
2018,ANSS,1013462,1293636000.0,419375000.0,-21762000.0
2018,ROK,1024478,Income statement not found,cash flow not found,cash flow not found
2018,PXD,1038357,9415000000.0,0,tag not found
2018,IDXX,874716,0,0,-115751000.0
2018,LVS,1300514,13729000000.0,0,-949000000.0
2018,SNPS,883241,3121058000.0,432518000.0,-98976000.0
2018,FTV,1659166,Income statement not found,cash flow not found,cash flow not found
2018,PANW,1327567,658100000.0,-147900000.0,-112000000.0
2018,MTB,36270,Income statement not found,cash flow not found,cash flow not found
2018,AME,1037868,Income statement not found,cash flow not found,cash flow not found
2018,XLNX,743988,2539004000.0,512381000.0,-49918000.0
2018,BXP,1037540,2717076000.0,0,tag not found
2018,LYB,1489393,39004000000.0,0,-2105000000.0
2018,KR,56873,39004000000.0,0,-2809000000.0
2018,AMP,820027,Income statement not found,0,-162000000.0
2018,ALXN,899866,0,cash flow not found,cash flow not found
2018,HSY,47111,1987902000.0,0,-328601000.0
2018,VRSN,1014473,Income statement not found,0,-37007000.0
2018,CMG,1058090,Income statement not found,cash flow not found,cash flow not found
2018,VTR,740260,923263000.0,0,-131858000.0
2018,DXCM,1093557,0,0,-131858000.0
2018,SYF,1601712,Income statement not found,0,-131858000.0
2018,FAST,815556,Income statement not found,751900000.0,-176300000.0
2018,WY,106535,Income statement not found,cash flow not found,cash flow not found
2018,GLW,24741,Income statement not found,1066000000.0,tag not found
2018,FITB,35527,0,0,-192000000.0
2018,HIG,874766,18955000000.0,1807000000.0,-122000000.0
2018,DLTR,935703,Income statement not found,-1590800000.0,-817100000.0
2018,ALGN,1097149,0,400235000.0,-223312000.0
2018,CLX,21076,6124000000.0,400235000.0,-223312000.0
2018,CDNS,813672,Income statement not found,345777000.0,-61503000.0
2018,RSG,1060391,Income statement not found,cash flow not found,cash flow not found
2018,CPRT,900075,1805695000.0,cash flow not found,cash flow not found
2018,SWKS,4127,Income statement not found,cash flow not found,cash flow not found
2018,ESS,920522,0,0,tag not found
2018,RCL,884887,Income statement not found,0,-3660028000.0
2018,WDC,106040,0,675000000.0,-835000000.0
2018,AEE,1002910,Income statement not found,cash flow not found,cash flow not found
2018,BBY,764478,Income statement not found,1464000000.0,-819000000.0
2018,NTRS,73124,0,1556400000.0,-97600000.0
2018,DHI,882184,Income statement not found,0,-70200000.0
2018,MKC,63754,Income statement not found,cash flow not found,cash flow not found
2018,VEEV,1393052,Income statement not found,0,-8440000.0
2018,HAL,45012,0,0,-2026000000.0
2018,KEY,91576,0,0,-99000000.0
2018,VMC,1396009,Income statement not found,515805000.0,-469088000.0
2018,HPE,1645590,Income statement not found,0,-2956000000.0
2018,CDW,1402057,0,643000000.0,-86100000.0
2018,AJG,354190,0,cash flow not found,cash flow not found
2018,CMS,811156,6873000000.0,0,-2074000000.0
2018,ARE,1035443,0,0,tag not found
2018,UAL,100517,Income statement not found,cash flow not found,cash flow not found
2018,EFX,33185,0,0,-321900000.0
2018,LEN,920760,Income statement not found,0,-130439000.0
2018,MTD,1037646,2935586000.0,512611000.0,-142726000.0
2018,KHC,1637459,0,512611000.0,-142726000.0
2018,CHD,313927,0,cash flow not found,cash flow not found
2018,FCX,831259,3684000000.0,cash flow not found,cash flow not found
2018,KEYS,1601046,Income statement not found,cash flow not found,cash flow not found
2018,LH,920148,11333400000.0,0,-379800000.0
2018,TFX,96943,0,0,-379800000.0
2018,TRU,1552033,0,0,-379800000.0
2018,IAC,891103,Income statement not found,cash flow not found,cash flow not found
2018,ACGL,947484,5450568000.0,0,-29809000.0
2018,MXIM,743316,0,0,-29809000.0
2018,IP,51434,Income statement not found,cash flow not found,cash flow not found
2018,MLM,916076,Income statement not found,0,-375954000.0
2018,DOV,29905,Income statement not found,570267000.0,-170994000.0
2018,TEAM,1650372,Income statement not found,570267000.0,-170994000.0
2018,COO,711404,2532800000.0,0,-193600000.0
2018,CFG,759944,0,0,-232000000.0
2018,FTNT,1262039,1801200000.0,332200000.0,-53000000.0
2018,MRVL,1058057,0,-179094000.0,-75921000.0
2018,K,55067,Income statement not found,cash flow not found,cash flow not found
2018,MKL,1096343,Income statement not found,0,-106593000.0
2018,KSU,54480,2714000000.0,0,-106593000.0
2018,INVH,1687229,1722962000.0,0,-106593000.0
2018,OMC,29989,15290200000.0,0,-195700000.0
2018,CINF,20286,5407000000.0,287000000.0,-20000000.0
2018,CXO,1358071,0,2286000000.0,tag not found
2018,TIF,98246,Income statement not found,2286000000.0,tag not found
2018,MGM,789570,0,0,-1486843000.0
2018,KMX,1170010,Income statement not found,664112000.0,-296816000.0
2018,YUMC,1673358,Income statement not found,cash flow not found,cash flow not found
2018,RF,1281761,0,1759000000.0,tag not found
2018,HES,4447,Income statement not found,cash flow not found,cash flow not found
2018,BMRN,1048477,0,cash flow not found,cash flow not found
2018,PAYC,1590955,0,0,-59906000.0
2018,MAA,912595,1571346000.0,0,-59906000.0
2018,CAG,23217,1571346000.0,0,-59906000.0
2018,CTL,18926,23443000000.0,-1733000000.0,-3175000000.0
2018,ULTA,1403568,23443000000.0,0,-440714000.0
2018,XYL,1524472,Income statement not found,0,-237000000.0
2018,TWLO,1447669,0,0,-4668000.0
2018,PFG,1126328,3770600000.0,0,tag not found
2018,CAH,721371,Income statement not found,0,-384000000.0
2018,EXPE,1324424,0,0,-878000000.0
2018,RNG,1384905,0,0,-27123000.0
2018,CTXS,877890,0,0,-27123000.0
2018,IFF,51253,Income statement not found,cash flow not found,cash flow not found
2018,AKAM,1086222,0,298373000.0,-217609000.0
2018,BURL,1579298,6668479000.0,0,-295772000.0
2018,NUE,73309,Income statement not found,0,-982531000.0
2018,DGX,1022079,7531000000.0,0,-383000000.0
2018,WAB,943452,0,0,-93305000.0
2018,HBAN,49196,0,1393000000.0,-110000000.0
2018,DRI,940944,Income statement not found,1393000000.0,-110000000.0
2018,HOLX,859737,3217900000.0,-111300000.0,-58400000.0
2018,SUI,912593,1126825000.0,0,tag not found
2018,WPC,1025378,885732000.0,0,tag not found
2018,LDOS,1336920,0,0,-73000000.0
2018,GRMN,1121788,0,694080000.0,-155755000.0
2018,MAS,62996,0,0,-219000000.0
2018,NLY,1043219,Income statement not found,0,-219000000.0
2018,SSNC,1402436,Income statement not found,103200000.0,-33600000.0
2018,LBRDK,1611983,22256000.0,0,-41000.0
2018,WAT,1000697,0,0,tag not found
2018,LNT,352541,3534500000.0,522299999.99999994,tag not found
2018,UDR,74208,1046859000.0,522299999.99999994,tag not found
2018,ABC,1140859,167939635000.0,cash flow not found,cash flow not found
2018,ATO,731802,0,603064000.0,-1467591000.0
2018,NTAP,1002047,5911000000.0,76000000.0,-145000000.0
2018,GPC,40987,Income statement not found,810474000.0,-232422000.0
2018,AES,874761,10736000000.0,810474000.0,-232422000.0
2018,LNG,3570,5601000000.0,810474000.0,-232422000.0
2018,EXR,1289490,1196604000.0,0,tag not found
2018,BR,1383312,Income statement not found,0,-76700000.0
2018,L,60086,Income statement not found,cash flow not found,cash flow not found
2018,CBOE,1374310,0,0,-36300000.0
2018,ANET,1596532,0,328115000.0,-23830000.0
2018,SIVB,719739,0,0,-45865000.0
2018,GWW,277135,Income statement not found,0,-239000000.0
2018,FOXA,1308161,30400000000.0,0,-551000000.0
2018,OKTA,1660134,30400000000.0,-125497000.0,-19811000.0
2018,SGEN,1060736,Income statement not found,-222693000.0,0.0
2018,TDY,1094285,0,333800000.0,-86800000.0
2018,TTWO,946581,1792892000.0,173533000.0,-61557000.0
2018,INCY,879169,1881883000.0,0,-73483000.0
2018,LW,1679273,Income statement not found,cash flow not found,cash flow not found
2018,DRE,783280,947870000.0,cash flow not found,cash flow not found
2018,IT,749251,0,122456000.0,tag not found
2018,AMTD,1173431,0,1473000000.0,-229000000.0
2018,CNP,1130310,Income statement not found,cash flow not found,cash flow not found
2018,EXAS,1124140,0,0,-150093000.0
2018,ODFL,878927,Income statement not found,cash flow not found,cash flow not found
2018,NDAQ,1120193,0,458000000.0,-111000000.0
2018,CE,1306830,0,0,-337000000.0
2018,HAS,46080,4579646000.0,0,-140426000.0
2018,ZBRA,877212,0,421000000.0,-64000000.0
2018,FMC,37785,Income statement not found,0,-156600000.0
2018,HRL,48465,Income statement not found,0,-156600000.0
2018,FNF,1331875,Income statement not found,0,tag not found
2018,WYNN,1174922,6717660000.0,0,-1475972000.0
2018,QRVO,1604778,665383000.0,-40288000.0,-269835000.0
2018,ALNY,1178670,Income statement not found,0,-126887000.0
2018,IEX,832101,2483666000.0,0,-126887000.0
2018,VAR,203527,Income statement not found,0,-47700000.0
2018,STE,1624899,2619996000.0,0,-165457000.0
2018,XRAY,818479,0,0,-182500000.0
2018,TYL,860731,Income statement not found,147462000.0,-27424000.0
2018,EXPD,746515,Income statement not found,0,-47474000.0
2018,JKHY,779152,417229000.0,0,-40135000.0
2018,MKTX,1278021,0,172852000.0,-35888000.0
2018,NVR,906163,7163674000.0,797197000.0,-19665000.0
2018,ELS,895417,Income statement not found,0,tag not found
2018,ALLY,40729,Income statement not found,cash flow not found,cash flow not found
2018,ALLE,1579241,Income statement not found,0,-49100000.0
2018,FANG,1539838,0,0,tag not found
2018,HST,1070750,0,0,tag not found
2018,ARNC,4281,Income statement not found,cash flow not found,cash flow not found
2018,EPAM,1352010,Income statement not found,cash flow not found,cash flow not found
2018,RJF,720005,Income statement not found,856695000.0,-133586000.0
2018,TER,97210,Income statement not found,0,-114379000.0
2018,SJM,91419,Income statement not found,cash flow not found,cash flow not found
2018,MYL,1623613,11433900000.0,0,-252100000.0
2018,TXT,217346,13972000000.0,0,-369000000.0
2018,GDDY,1609711,0,0,-87700000.0
2018,WU,1365135,Income statement not found,0,-136700000.0
2018,AVY,8818,0,0,-226700000.0
2018,MPW,1287865,Income statement not found,0,-226700000.0
2018,NCLH,1513761,0,0,-1566796000.0
2018,WST,105770,0,0,-1566796000.0
2018,FICO,814547,Income statement not found,142415000.0,-31299000.0
2018,VMW,1124610,Income statement not found,-5000000.0,-18000000.0
2018,LNC,59558,Income statement not found,1641000000.0,tag not found
2018,URI,1067701,2306000000.0,1096000000.0,-185000000.0
2018,PODD,1145197,0,1096000000.0,-185000000.0
2018,VNO,899689,0,0,tag not found
2018,Y,775368,Income statement not found,0,tag not found
2018,AAL,6201,0,1412000000.0,-3745000000.0
2018,DPZ,1286681,3432867000.0,361972000.0,-119888000.0
2018,RE,1095073,Income statement not found,0,tag not found
2018,PHM,822416,0,1022023000.0,-59039000.0
2018,TRMB,864749,0,0,-67600000.0
2018,TTD,1671933,0,0,-19795000.0
2018,TSCO,916365,0,532357000.0,-278530000.0
2018,UHS,352915,0,0,-36243000.0
2018,NI,1111711,Income statement not found,cash flow not found,cash flow not found
2018,PNW,764622,3691247000.0,cash flow not found,cash flow not found
2018,WRB,11544,7691651000.0,640749000.0,-49860000.0
2018,BRO,79282,2014246000.0,344255000.0,-41520000.0
2018,APA,6769,Income statement not found,cash flow not found,cash flow not found
2018,FDS,1013237,1350145000.0,cash flow not found,cash flow not found
2018,HII,1501585,Income statement not found,836000000.0,-463000000.0
2018,ROKU,1428439,0,0,-18327000.0
2018,BAH,1443646,0,305111000.0,-78437000.0
2018,WRK,1636023,0,305111000.0,-78437000.0
2018,PKI,31791,0,305111000.0,-78437000.0
2018,ARMK,1584509,0,0,-628604000.0
2018,REG,910606,1120975000.0,0,tag not found
2018,LKQ,1065696,Income statement not found,0,-250027000.0
2018,CPT,906345,Income statement not found,0,tag not found
2018,HSIC,1000228,13201995000.0,0,-90637000.0
2018,AGNC,1423689,Income statement not found,0,-90637000.0
2018,EMN,915389,Income statement not found,0,-528000000.0
2018,VER,1507385,0,0,-500625000.0
2018,DOX,1062579,0,0,-500625000.0
2018,CCK,1219601,2734000000.0,0,-462000000.0
2018,NDSN,72331,2254668000.0,0,-89790000.0
2018,ETFC,1015780,Income statement not found,cash flow not found,cash flow not found
2018,TAP,24545,13338000000.0,0,-651700000.0
2018,NBL,72207,Income statement not found,0,tag not found
2018,FBHS,1519751,5485100000.0,0,-150100000.0
2018,COUP,1385867,0,0,-7528000.0
2018,DISH,1001082,Income statement not found,0,tag not found
2018,CHRW,1043277,Income statement not found,664505000.0,-45000000.0
2018,SIRI,908937,Income statement not found,1175893000.0,-355703000.0
2018,MRO,101778,6582000000.0,1096000000.0,-2753000000.0
2018,RPM,110621,6582000000.0,1096000000.0,-2753000000.0
2018,PKG,75677,Income statement not found,0,-551400000.0
2018,GWRE,1528396,661067000.0,0,-9398000.0
2018,BFAM,1437578,1903182000.0,0,-92491000.0
2018,ZEN,1463172,1903182000.0,-131084000.0,-35323000.0
2018,GLPI,1575965,303317000.0,339516000.0,-20000.0
2018,NNN,751364,Income statement not found,339516000.0,-20000.0
2018,MTN,812011,2011553000.0,0,-140611000.0
2018,NRG,1013871,9478000000.0,0,-388000000.0
2018,WEX,1309108,386617000.0,0,-87152000.0
2018,FRT,34903,Income statement not found,0,tag not found
2018,JBHT,728535,Income statement not found,489585000.0,-995650000.0
2018,RGA,898174,12875664000.0,489585000.0,-995650000.0
2018,WHR,106640,Income statement not found,0,-590000000.0
2018,CF,1324404,Income statement not found,0,-422000000.0
2018,VST,1692819,Income statement not found,cash flow not found,cash flow not found
2018,CMA,28412,0,0,tag not found
2018,NBIX,914475,Income statement not found,0,-24812000.0
2018,OHI,888491,881682000.0,0,tag not found
2018,ALB,915913,3374950000.0,0,-699991000.0
2018,OGE,1021635,2270300000.0,0,-573600000.0
2018,CSL,790051,Income statement not found,611100000.0,-120700000.0
2018,GGG,42888,Income statement not found,341054000.0,-53854000.0
2018,LYV,1335258,10787800000.0,0,-239833000.0
2018,AAP,1158449,0,423847000.0,-193715000.0
2018,IRM,1020569,0,423847000.0,-193715000.0
2018,JLL,1037976,Income statement not found,0,-47100000.0
2018,IPG,51644,2856000000.0,0,177100000.0
2018,CGNX,851205,0,219267000.0,-37095000.0
2018,DVN,1090012,Income statement not found,0,-2451000000.0
2018,PTC,857005,1241824000.0,51987000.0,-36041000.0
2018,PCG,1004980,0,0,-6514000000.0
2018,SNA,91440,Income statement not found,0,tag not found
2018,KRC,1025996,747298000.0,0,tag not found
2018,DXC,1688568,24556000000.0,0,-224000000.0
2018,SEIC,350894,1624167000.0,505868000.0,-29095000.0
2018,TRGP,1389170,0,0,-3114800000.0
2018,UGI,884614,1273100000.0,0,-574400000.0
2018,TTC,737758,Income statement not found,0,-90124000.0
2018,USFD,1665918,Income statement not found,407000000.0,-235000000.0
2018,CY,791915,0,cash flow not found,cash flow not found
2018,ON,1097864,Income statement not found,0,-514799999.99999994
2018,AZPN,929940,499514000.0,148688000.0,-331000.0
2018,CTLT,1596783,2463400000.0,0,-176500000.0
2018,POOL,945841,2998097000.0,0,-31580000.0
2018,NOV,1021860,Income statement not found,0,-244000000.0
2018,SRPT,873303,Income statement not found,0,-61157000.0
2018,LII,1069202,3883900000.0,359000000.0,-95200000.0
2018,ABMD,815094,593749000.0,112170000.0,-55863000.0
2018,RNR,913144,547997000.0,0,tag not found
2018,XPO,1166003,17279000000.0,0,-551000000.0
2018,STOR,1538990,540756000.0,0,tag not found
2018,VOYA,1535929,8514000000.0,0,tag not found
2018,ATUS,1702780,9566608000.0,0,tag not found
2018,G,1398659,9566608000.0,282019000.0,-84978000.0
2018,SCI,89089,Income statement not found,cash flow not found,cash flow not found
2018,AIZ,1267238,8057600000.0,cash flow not found,cash flow not found
2018,AFG,1042046,7150000000.0,cash flow not found,cash flow not found
2018,MASI,937556,Income statement not found,0,-17126000.0
2018,CPB,16732,Income statement not found,0,-17126000.0
2018,DVA,927066,11404851000.0,0,-987138000.0
2018,CZR,858339,0,0,-565000000.0
2018,LAMR,1090425,Income statement not found,0,-117638000.0
2018,MOH,1179929,18890000000.0,707000000.0,-30000000.0
2018,ZION,109380,0,0,-129000000.0
2018,HUBB,48898,Income statement not found,cash flow not found,cash flow not found
2018,ALK,766421,8264000000.0,437000000.0,-960000000.0
2018,JAZZ,1232524,0,447098000.0,-20370000.0
2018,EEFT,1029199,649385000.0,0,tag not found
2018,KIM,879101,1164762000.0,0,tag not found
2018,BIO,12208,2160153000.0,0,-111332000.0
2018,MHK,851968,0,0,-794110000.0
2018,ZAYO,1608249,2604000000.0,0,-789900000.0
2018,AIV,922864,972410000.0,0,tag not found
2018,TPR,1116132,5880000000.0,397500000.0,-267399999.99999997
2018,MPWR,1280452,0,397500000.0,-267399999.99999997
2018,NWL,814453,0,-6917900000.0,-384400000.0
2018,OLED,1005284,247414000.0,-6917900000.0,-384400000.0
2018,TECH,842023,Income statement not found,126150000.0,-20934000.0
2018,JNPR,1043604,0,566900000.0,-147400000.0
2018,LEA,842162,0,cash flow not found,cash flow not found
2018,RS,861884,11534500000.0,0,-239900000.0
2018,QGEN,1015820,11534500000.0,0,-239900000.0
2018,GNTX,355811,11534500000.0,0,-239900000.0
2018,ST,1477294,0,598995000.0,-159787000.0
2018,ENTG,1101302,0,0,-110153000.0
2018,FFIV,1048695,Income statement not found,453689000.0,-53465000.0
2018,LPLA,1397911,5188400000.0,439459000.0,-132688000.0
2018,SLG,1040971,1227392000.0,0,-254460000.0
2018,CRL,1100682,0,0,-140054000.0
2018,CHE,19584,1782648000.0,205544000.0,-52872000.0
2018,ATR,896622,2764761000.0,0,-211252000.0
2018,IONS,874015,0,0,-13608000.0
2018,NLSN,1492633,0,0,-106000000.0
2018,BG,1144519,45743000000.0,0,-493000000.0
2018,CABO,1632127,Income statement not found,164760000.0,-217766000.0
2018,PNR,77360,Income statement not found,0,-48200000.0
2018,PRGO,1585364,0,131000000.0,-102600000.0
2018,ACM,868857,0,0,-113279000.0
2018,MOS,1285785,Income statement not found,0,-954500000.0
2018,FLIR,354908,1775686000.0,0,-954500000.0
2018,KSS,885639,1775686000.0,0,-578000000.0
2018,RGLD,85535,Income statement not found,0,tag not found
2018,BEN,38777,6319100000.0,0,-106500000.0
2018,HRC,47518,Income statement not found,cash flow not found,cash flow not found
2018,BWA,908255,Income statement not found,cash flow not found,cash flow not found
2018,CBSH,22356,0,0,-33294000.0
2018,HUBS,1404655,0,0,-22305000.0
2018,AMH,1562401,0,0,tag not found
2018,PBCT,1378946,0,0,-28300000.0
2018,STWD,1465128,1109280000.0,0,-28300000.0
2018,EWBC,1069157,Income statement not found,cash flow not found,cash flow not found
2018,HDS,1573097,Income statement not found,cash flow not found,cash flow not found
2018,PFPT,1212458,0,0,-29522000.0
2018,DEI,1364250,881316000.0,0,tag not found
2018,NRZ,1556593,0,0,tag not found
2018,IVZ,914208,0,0,-102500000.0
2018,RHI,315213,0,434288000.0,-42484000.0
2018,WBC,1390844,0,0,-118200000.0
2018,SPR,1364885,1835300000.0,0,-118200000.0
2018,CONE,1553023,0,0,-118200000.0
2018,DCI,29644,Income statement not found,180300000.0,-97500000.0
2018,FAF,1472787,5747844000.0,0,-118170000.0
2018,MDB,1441816,154519000.0,-96359000.0,-2135000.0
2018,OC,1370946,Income statement not found,0,537000000.0
2018,POST,1530950,6257200000.0,0,-225000000.0
2018,PRAH,1613859,0,0,-55880000.0
2018,CACI,16058,0,0,-55880000.0
2018,TCF,814184,0,0,-56091000.0
2018,XRX,108772,Income statement not found,0,tag not found
2018,PLNT,1637207,0,0,-40860000.0
2018,PB,1068851,0,0,-15115000.0
2018,PVH,78239,Income statement not found,0,-379500000.0
2018,ATH,1527469,6543000000.0,0,tag not found
2018,CIEN,936395,3094286000.0,-344690000.0,-67616000.0
2018,HFC,48039,0,-344690000.0,-67616000.0
2018,HZNP,1492426,Income statement not found,0,-4771000.0
2018,ORI,74260,6021800000.0,370500000.0,tag not found
2018,CDK,1609702,Income statement not found,cash flow not found,cash flow not found
2018,HTA,1360604,696426000.0,cash flow not found,cash flow not found
2018,FLS,30625,0,0,-83993000.0
2018,WWD,108312,Income statement not found,180378000.0,-127140000.0
2018,FIVE,1177609,1559563000.0,149645000.0,-113720000.0
2018,CW,26324,Income statement not found,275749000.0,-53417000.0
2018,DNKN,1357204,0,0,-51855000.0
2018,ARW,7536,0,0,-51855000.0
2018,HXL,717605,0,0,-184100000.0
2018,MIDD,769520,Income statement not found,317152000.0,-36040000.0
2018,OSK,775158,7705500000.0,0,-95300000.0
2018,ACC,1283630,Income statement not found,0,tag not found
2018,BWXT,1486957,0,0,-109338000.0
2018,ITT,216228,2745100000.0,0,-95500000.0
2018,MKSI,1049502,Income statement not found,0,-62941000.0
2018,UNM,5513,11598500000.0,523400000.0,-144100000.0
2018,BRX,1581068,0,0,tag not found
2018,MDU,67716,4531552000.0,0,-568230000.0
2018,STLD,1022671,11821839000.0,0,-239390000.0
2018,W,1616707,0,-504080000.0,-159205000.0
2018,AXTA,1616862,4696000000.0,-504080000.0,-159205000.0
2018,SABR,1597033,923928000.0,0,-283940000.0
2018,AYX,1689923,Income statement not found,28020000.0,-6728000.0
2018,LEG,58492,0,0,-159600000.0
2018,Z,1617640,0,-119858000.0,-66054000.0
2018,TOL,794170,Income statement not found,748151000.0,-28232000.0
2018,CUZ,25232,475212000.0,0,tag not found
2018,INGR,1046257,0,0,-350000000.0
2018,JBL,898293,22095416000.0,0,-1036651000.0
2018,RL,1037038,6182300000.0,162800000.0,-161600000.0
2018,NATI,935494,0,155057000.0,-34659000.0
2018,AOS,91142,0,cash flow not found,cash flow not found
2018,COG,858470,Income statement not found,cash flow not found,cash flow not found
2018,CASY,726958,8391124000.0,317903000.0,-577421000.0
2018,CUBE,1298675,0,0,tag not found
2018,JBLU,1158463,0,188000000.0,-908000000.0
2018,NTNX,1618732,0,-297161000.0,-62372000.0
2018,SON,91767,5036650000.0,0,-188913000.0
2018,SEE,1012100,4732700000.0,193100000.0,-168600000.0
2018,BERY,1378992,2054000000.0,496000000.0,-336000000.0
2018,ETSY,1370637,0,77491000.0,-1019000.0
2018,SNX,1177394,20053764000.0,0,-125305000.0
2018,SRCL,861878,Income statement not found,0,-130800000.00000001
2018,WSO,105016,4546653000.0,0,-17153000.0
2018,WSM,719955,Income statement not found,259545000.0,-189712000.0
2018,MAN,871763,0,0,-64700000.0
2018,PWR,1050915,0,0,-293595000.0
2018,HPP,1482512,728418000.0,0,tag not found
2018,NUAN,1002517,2051661000.0,-159928000.0,-48845000.0
2018,PEN,1321732,2051661000.0,0,-9603000.0
2018,LB,701985,2051661000.0,644000000.0,-629000000.0
2018,NXST,1142417,Income statement not found,0,-106246000.0
2018,IDA,1057877,Income statement not found,0,-277853000.0
2018,LECO,59527,0,0,-277853000.0
2018,PK,1617406,Income statement not found,0,-188000000.0
2018,EPR,1045450,700731000.0,0,-188000000.0
2018,MSG,1636519,1559095000.0,0,-188000000.0
2018,NYT,71691,0,0,-77487000.0
2018,BPOP,763901,0,618158000.0,-80549000.0
2018,ROL,84839,1821565000.0,0,-27179000.0
2018,WAL,1212545,0,435788000.0,tag not found
2018,EXEL,939767,0,690070000.0,-33297000.0
2018,THG,944695,4494300000.0,0,-13100000.0
2018,CREE,895419,Income statement not found,0,-185688000.0
2018,AXS,1214816,5090406000.0,0,tag not found
2018,EV,350797,Income statement not found,cash flow not found,cash flow not found
2018,PII,931015,0,335257000.0,-225414000.0
2018,HOG,793952,5716875000.0,0,-213516000.0
2018,M,794367,24837000000.0,0,-487000000.0
2018,CFR,39263,0,454918000.0,-79270000.0
2018,HIW,921082,0,454918000.0,-79270000.0
2018,HBI,1359841,1768301000.0,454918000.0,-79270000.0
2018,LSI,944314,1768301000.0,0,tag not found
2018,SRC,1308606,1768301000.0,132052000.0,tag not found
2018,HE,354707,2860849000.0,0,-537369000.0
2018,WPX,1518832,1022000000.0,0,1476000000.0
2018,PE,1594466,1826431000.0,0,tag not found
2018,PRI,1475922,1899843000.0,0,tag not found
2018,NYCB,910073,Income statement not found,422417000.0,-9847000.0
2018,FHN,36966,1936105000.0,0,tag not found
2018,SNV,18349,0,0,tag not found
2018,ALSN,1411207,Income statement not found,639000000.0,-100000000.0
2018,BRKR,1109354,Income statement not found,0,-49200000.0
2018,BC,14930,5159200000.0,0,-49200000.0
2018,BLUE,1293971,Income statement not found,0,-55737000.0
2018,GRUB,1594109,0,cash flow not found,cash flow not found
2018,ZNGA,1439404,0,0,-11469000.0
2018,AWI,7431,Income statement not found,185900000.0,-71900000.0
2018,MTG,876437,1123848000.0,670097000.0,-14238000.0
2018,JBGS,1689796,Income statement not found,cash flow not found,cash flow not found
2018,SKX,1065837,Income statement not found,0,-143036000.0
2018,IPGP,1111928,0,0,-160343000.0
2018,MANH,1056696,0,104690000.0,-7306000.0
2018,SERV,1428875,Income statement not found,-41000000.0,-49000000.0
2018,HHC,1498828,1064537000.0,0,-4485000.0
2018,MAT,63276,0,-530993000.0,-77752000.0
2018,SMG,825542,0,0,-68200000.0
2018,AYI,1144215,Income statement not found,349600000.0,-43600000.0
2018,HEI,46619,1777721000.0,0,-41871000.0
2018,GDI,1699150,0,0,-52200000.0
2018,AL,1487712,1679702000.0,0,-287509000.0
2018,CRI,1060822,0,282068000.0,-63783000.0
2018,DISCA,1437107,0,0,-147000000.0
2018,HUN,1307954,9379000000.0,0,-313000000.0
2018,KNX,1492691,Income statement not found,0,-755997000.0
2018,ASH,1674862,Income statement not found,cash flow not found,cash flow not found
2018,PCTY,1591698,Income statement not found,0,-21676000.0
2018,RP,1286225,0,34725000.0,-50933000.0
2018,SLM,1032033,0,0,tag not found
2018,GPK,1408075,6023000000.0,0,-378800000.0
2018,HRB,12659,Income statement not found,0,-378800000.0
2018,HP,46765,2487268000.0,0,-466584000.0
2018,BHF,1685040,4026000000.0,0,tag not found
2018,CIT,1171825,0,cash flow not found,cash flow not found
2018,PNFP,1115055,0,cash flow not found,cash flow not found
2018,AGCO,880266,0,0,-203300000.0
2018,CACC,885550,1285800000.0,574000000.0,-25100000.0
2018,DLB,1308547,1171924000.0,0,-72814000.0
2018,CR,25445,3345500000.0,335600000.0,-108800000.0
2018,LSTR,853816,4615144000.0,0,-9747000.0
2018,KEX,56047,Income statement not found,0,-301861000.0
2018,LAZ,1311370,2884833000.0,0,-49593000.0
2018,LFUS,889331,Income statement not found,0,-74753000.0
2018,NCR,70866,0,0,-143000000.0
2018,WBS,801337,0,360418000.0,-32958000.0
2018,AGO,1273813,1002000000.0,521000000.0,tag not found
2018,XEC,1168054,Income statement not found,791851000.0,tag not found
2018,CLH,822818,0,65636000.0,-193344000.0
2018,COR,1490892,544392000.0,65636000.0,-193344000.0
2018,THO,730263,Income statement not found,430151000.0,-138197000.0
2018,FL,850209,7782000000.0,284000000.0,-274000000.0
2018,OUT,1579877,452400000.0,107900000.0,-82300000.0
2018,UTHR,1082554,0,0,-184400000.0
2018,FSLR,1274494,2244044000.0,144326000.0,-739838000.0
2018,JWN,72333,Income statement not found,564000000.0,-654000000.0
2018,PSTG,1474432,Income statement not found,-178362000.0,-100246000.0
2018,ADS,1101215,7791200000.0,0,-199800000.0
2018,PACW,1102112,Income statement not found,0,-12385000.0
2018,VVV,1674910,Income statement not found,166000000.0,-93000000.0
2018,FLO,1128928,Income statement not found,157160000.0,-99422000.0
2018,HLF,1180262,Income statement not found,296600000.0,-84000000.0
2018,TPX,1206264,0,0,-73600000.0
2018,TWO,1465740,Income statement not found,0,tag not found
2018,JHG,1274173,Income statement not found,0,-29100000.0
2018,STL,1070154,Income statement not found,447254000.0,-24015000.0
2018,AMG,1004434,0,0,-18700000.0
2018,MRNA,737207,0,0,-18700000.0
2018,WEN,30697,1589936000.0,460115000.0,-69857000.0
2018,LOGM,1420302,0,0,-30965000.0
2018,IART,917520,0,60801000.0,-77741000.0
2018,MTCH,1575189,Income statement not found,cash flow not found,cash flow not found
2018,CVNA,1690820,1955467000.0,0,-143668000.0
2018,ERIE,922621,Income statement not found,cash flow not found,cash flow not found
2018,FHB,36377,0,cash flow not found,cash flow not found
2018,GPS,39911,16580000000.0,1003000000.0,-705000000.0
2018,CIM,1409493,16580000000.0,1003000000.0,-705000000.0
2018,EQC,803649,197022000.0,0,tag not found
2018,FNB,37808,0,373000000.0,-35000000.0
2018,RYN,52827,Income statement not found,0,-62325000.0
2018,UNVR,1494319,0,172300000.0,-94600000.0
2018,LOPE,1434588,Income statement not found,0,-94527000.0
2018,UMPQ,1077771,0,cash flow not found,cash flow not found
2018,IBKR,1381197,Income statement not found,0,tag not found
2018,EXP,918646,Income statement not found,256632000.0,tag not found
2018,NKTR,906709,0,0,-14239000.0
2018,CLGX,36047,1788378000.0,121864000.0,-62304000.0
2018,ICUI,883984,1400040000.0,28793000.0,-92720000.0
2018,TKR,98362,0,28793000.0,-92720000.0
2018,AVT,8858,19036892000.0,-156424000.0,-155873000.0
2018,VSAT,797721,Income statement not found,0,-511634000.0
2018,FCNCA,798941,0,400313000.0,-140444000.0
2018,WTFC,1015328,0,343166000.0,-68273000.0
2018,BOH,46195,0,219602000.0,tag not found
2018,WRI,828916,531147000.0,0,-155528000.0
2018,NFG,70145,Income statement not found,391521000.0,-584004000.0
2018,COHR,21510,1902573000.0,247358000.0,-90757000.0
2018,GRA,1045309,1932100000.0,247358000.0,-90757000.0
2018,WTM,776867,1932100000.0,0,tag not found
2018,CHH,1046311,1932100000.0,0,tag not found
2018,FND,1507079,0,0,-151397000.0
2018,SAGE,1597553,Income statement not found,0,-2860000.0
2018,CFX,1420800,3666812000.0,0,-69646000.0
2018,COTY,1024305,0,0,-446400000.0
2018,MFA,1055160,0,0,-446400000.0
2018,RBC,82811,0,0,-77600000.0
2018,LM,704051,3140322000.0,0,37346000.0
2018,CNK,1385280,0,0,-346073000.0
2018,OFC,860546,578112000.0,0,tag not found
2018,MAC,912242,960351000.0,0,tag not found
2018,MUR,717423,Income statement not found,cash flow not found,cash flow not found
2018,PEGA,1013857,0,cash flow not found,cash flow not found
2018,MIC,1289790,1761533000.0,0,-177156000.0
2018,CPA,1345105,1761533000.0,0,-177156000.0
2018,SCCO,1001838,Income statement not found,0,-1121400000.0
2018,UHAL,4457,3601114000.0,790583000.0,-1363745000.0
2018,ASB,7789,0,333562000.0,tag not found
2018,H,1468174,0,0,-297000000.0
2018,APLE,1418121,Income statement not found,0,-297000000.0
2018,BKU,1504008,0,324866000.0,tag not found
2018,GT,42582,0,0,-811000000.0
2018,ENR,1632790,Income statement not found,93500000.0,-24200000.0
2018,FEYE,1370880,Income statement not found,-243123000.0,-50831000.0
2018,PBF,1534504,0,-243123000.0,-50831000.0
2018,VMI,102729,Income statement not found,-243123000.0,-50831000.0
2018,MSM,1003078,3203878000.0,329223000.0,-44919000.0
2018,NEWR,1448056,355058000.0,-45320000.0,-21368000.0
2018,MORN,1289419,1019900000.0,0,-76100000.0
2018,EVR,1360901,2082476000.0,0,-33324000.0
2018,TRIP,1526520,0,0,-61000000.0
2018,ALKS,1520262,Income statement not found,0,-69431000.0
2018,SIX,701374,0,0,-135624000.0
2018,RIG,1451505,0,0,-184000000.0
2018,AGIO,1439222,0,-346028000.0,-6986000.0
2018,AGR,1634997,6478000000.0,0,-1787000000.0
2018,ACHC,1520697,0,0,-1787000000.0
2018,AA,1675149,Income statement not found,cash flow not found,cash flow not found
2018,NEU,1282637,0,234734000.0,-74638000.0
2018,TCBI,1077428,Income statement not found,300824000.0,-7651000.0
2018,DKS,1089063,0,0,-198219000.0
2018,OLLI,1639300,0,135013000.0,-74178000.0
2018,COLM,1050797,2802326000.0,cash flow not found,cash flow not found
2018,OMF,1584207,0,0,tag not found
2018,PGRE,1605607,0,0,tag not found
2018,BDN,790816,544345000.0,0,tag not found
2018,HGV,1674168,544345000.0,0,-44000000.0
2018,TDC,816761,Income statement not found,30000000.0,-153000000.0
2018,KAR,1395942,929000000.0,328000000.0,-198000000.0
2018,NAVI,1593538,0,328000000.0,-198000000.0
2018,SC,1580608,Income statement not found,915926000.0,tag not found
2018,FLR,1124198,19166599000.0,cash flow not found,cash flow not found
2018,BOKF,875357,Income statement not found,0,-345082000.0
2018,RPAI,1222840,Income statement not found,0,tag not found
2018,R,85961,Income statement not found,273298000.0,-3050409000.0
2018,OLN,74303,1635000000.0,327900000.0,-385200000.0
2018,S,101830,32406000000.0,0,-3319000000.0
2018,THS,1320695,5812100000.0,-61400000.0,-173800000.0
2018,CXP,1252849,75523000.0,9491000.0,tag not found
2018,SPB,1487730,Income statement not found,cash flow not found,cash flow not found
2018,SLGN,849869,Income statement not found,0,-190973000.0
2018,CBT,16040,3242000000.0,0,-229000000.0
2018,CC,1627223,0,0,-229000000.0
2018,COMM,1517228,Income statement not found,0,-82347000.0
2018,CLR,732834,Income statement not found,0,tag not found
2018,TREE,1434621,Income statement not found,0,tag not found
2018,AN,350698,21412800000.0,396000000.0,-387000000.0
2018,TDS,1051512,Income statement not found,cash flow not found,cash flow not found
2018,CMD,19446,0,91041000.0,-37698000.0
2018,GHC,104889,689087000.0,0,-98192000.0
2018,OI,812074,Income statement not found,cash flow not found,cash flow not found
2018,WLK,1262823,8635000000.0,0,-702000000.0
2018,TRN,99780,2509100000.0,0,-702000000.0
2018,WWE,1091907,930160000.0,41218000.0,tag not found
2018,UFS,1381531,Income statement not found,0,-195000000.0
2018,WCC,929008,2011447000.0,0,-36210000.0
2018,ESRT,1541401,199309000.0,0,tag not found
2018,HAIN,910406,2457769000.0,0,tag not found
2018,MD,893949,0,0,tag not found
2018,KOS,1509991,0,-93991000.0,tag not found
2018,NUS,1021561,0,121887000.0,-70371000.0
2018,TCO,890319,0,121887000.0,-70371000.0
2018,SATS,1415404,0,0,-555141000.0
2018,PINC,1577916,1661256000.0,0,-92680000.0
2018,SBGI,912752,3055081000.0,0,-105061000.0
2018,URBN,912615,3616014000.0,108263000.0,-83813000.0
2018,SFM,1575515,0,0,-177083000.0
2018,BGCP,1094831,1937810000.0,0,-24528000.0
2018,PAG,1019849,1937810000.0,0,-24528000.0
2018,AMCX,1514991,0,0,-89802000.0
2018,PTEN,889900,0,-321421000.0,-641458000.0
2018,X,1163302,12758000000.0,0,-1001000000.0
2018,EQT,33213,Income statement not found,cash flow not found,cash flow not found
2018,IGT,1619762,Income statement not found,cash flow not found,cash flow not found
2018,PPC,802481,Income statement not found,cash flow not found,cash flow not found
2018,AM,1598968,Income statement not found,0,-446270000.0
2018,MCY,64996,0,-5728000.0,-27959000.0
2018,CNA,21175,10134000000.0,813000000.0,-99000000.0
2018,SNDR,1692063,Income statement not found,268900000.0,-385100000.0
2018,TWOU,1459417,Income statement not found,0,-11996000.0
2018,TFSL,1381668,Income statement not found,85407000.0,-8373000.0
2018,SEB,88121,Income statement not found,0,-162000000.0
2018,SWCH,1710583,Income statement not found,0,-275524000.0
2018,VIRT,1592386,Income statement not found,0,-26467000.0
2018,ANAT,904163,3326382000.0,0,-17670000.0
2018,CHK,895126,10231000000.0,0,tag not found
2018,RRC,315852,1072637000.0,0,tag not found
2018,CDEV,1658566,0,0,tag not found
2018,USM,821130,Income statement not found,cash flow not found,cash flow not found
2018,AR,1433270,Income statement not found,0,tag not found
2018,ARD,1689662,Income statement not found,0,tag not found
