cik,symbol
1750,AIR
1800,ABT
2488,AMD
2969,APD
3116,AKRX
3197,CECE
3453,MATX
3499,ALX
3545,ALCO
3570,LNG
4127,SWKS
4281,ARNC
4447,HES
4457,UHAL
4904,AEP
4962,AXP
4977,AFL
5272,AIG
5513,UNM
5981,AVD
6201,AAL
6281,ADI
6769,APA
6845,APOG
6951,AMAT
7039,TREC
7084,ADM
7332,SWN
7431,AWI
7536,ARW
7789,ASB
8063,ATRO
8146,ALOT
8670,ADP
8818,AVY
8858,AVT
8947,AZZ
9092,BMI
9326,BCPC
9389,BLL
9984,B
10254,ESTE
10329,BSET
10456,BAX
10795,BDX
11544,WRB
12208,BIO
12659,HRB
12927,BA
14177,BRID
14195,BGG
14272,BMY
14707,CAL
14846,BRT
14930,BC
15615,MTZ
16040,CBT
16058,CACI
16160,CALM
16732,CPB
16918,STZ
17843,CRS
18230,CAT
18255,CATO
18349,SNV
18498,GCO
18926,CTL
19411,MGLN
19446,CMD
19584,CHE
19617,JPM
19745,CPK
20212,CHDN
20286,CINF
20520,FTR
21076,CLX
21175,CNA
21344,KO
21510,COHR
21535,COHU
21665,CL
22356,CBSH
22444,CMC
23194,CRK
23197,CMTL
23217,CAG
23795,CTO
24090,CIA
24491,CTB
24545,TAP
24741,GLW
25232,CUZ
25445,CR
25743,TXMD
26058,CTS
26076,CUB
26172,CMI
26324,CW
26780,DAN
27419,TGT
27904,DAL
27996,DLX
28412,CMA
28823,DBD
28917,DDS
29002,DIOD
29534,DG
29644,DCI
29669,RRD
29905,DOV
29989,OMC
30305,DCO
30554,DD
30625,FLS
30697,WEN
31107,EML
31462,ECL
31791,PKI
31978,EE
32604,EMR
33002,EBF
33185,EFX
33213,EQT
33488,ESCA
34067,BOOM
34088,XOM
34563,FARM
34782,SRCE
34903,FRT
35214,FOE
35527,FITB
36029,FFIN
36047,CLGX
36104,USB
36146,TRMK
36270,MTB
36377,FHB
36506,MFNC
36966,FHN
37472,FLXS
37785,FMC
37808,FNB
37996,F
38725,FELE
38777,BEN
39263,CFR
39311,IBCP
39368,FUL
39899,TGNA
39911,GPS
40211,GATX
40533,GD
40545,GE
40704,GIS
40729,ALLY
40888,AJRD
40987,GPC
41719,GLT
42582,GT
42682,GRC
42888,GGG
43196,GTN
43920,GEF
45012,HAL
45876,HSC
46080,HAS
46129,AMOT
46195,BOH
46250,HWKN
46619,HEI
46765,HP
47111,HSY
47217,HPQ
47518,HRC
48039,HFC
48287,HNI
48465,HRL
48898,HUBB
49071,HUM
49196,HBAN
49600,EGP
49754,DIN
49826,ITW
50493,IMKTA
50725,GFF
50863,INTC
51143,IBM
51253,IFF
51434,IP
51644,IPG
52795,AXE
52827,RYN
54381,KAMN
54480,KSU
55067,K
55135,KELYA
55242,KMT
55772,KBAL
55785,KMB
56047,KEX
56679,KFY
56868,PNRG
56873,KR
57131,LZB
57515,LANC
57725,LCI
58361,LEE
58492,LEG
59255,VHI
59440,VGR
59478,LLY
59527,LECO
59558,LNC
60086,L
60519,LPX
60667,LOW
60714,LXU
60977,LDL
61398,TELL
61986,MTW
62234,MCS
62709,MMC
62996,MAS
63276,MAT
63296,MATW
63330,MLP
63754,MKC
63908,MCD
64040,SPGI
64472,GENC
64803,CVS
64996,MCY
65011,MDP
65270,MEI
65312,EVI
65596,SIEB
65984,ETR
66004,MSEX
66382,MLHR
66570,MSA
66740,MMM
66756,ALE
67215,DY
67347,MOD
67625,MNR
67716,MDU
68505,MSI
68709,MTSC
69488,MYE
69633,NSSC
69733,NATH
69891,FIZZ
70145,NFG
70318,THC
70415,GPX
70858,BAC
70866,NCR
71691,NYT
71829,NR
72162,NL
72207,NBL
72331,NDSN
72333,JWN
72573,MOV
72741,ES
72903,XEL
72971,WFC
73020,NWN
73088,NWE
73124,NTRS
73309,NUE
73756,OII
74046,ODC
74208,UDR
74260,ORI
74303,OLN
75208,OSG
75252,OMI
75288,OXM
75362,PCAR
75677,PKG
76267,PKE
76282,PKOH
76334,PH
76605,PATK
77159,PVAC
77281,PEI
77360,PNR
77476,PEP
77543,TPC
77877,PDCE
78003,PFE
78239,PVH
78749,AGYS
78814,PBI
78890,BCO
79282,BRO
79879,PPG
80035,PLPC
80172,NPK
80420,POWL
80424,PG
80661,PGR
81362,KWR
82020,USLM
82166,RAVN
82811,RBC
84129,RAD
84246,RLI
84748,ROG
84839,ROL
85535,RGLD
85961,R
86115,SFE
86312,TRV
87347,SLB
88121,SEB
88205,SPXC
88790,IIN
88941,SMTC
88948,SENEA
89089,SCI
89439,MLI
89800,SHW
90498,SFNC
90896,SKY
91142,AOS
91419,SJM
91440,SNA
91576,KEY
91767,SON
91928,SJI
92122,SO
92380,LUV
93389,SMP
93410,CVX
93556,SWK
93751,STT
93859,BH
94049,SCL
94344,STC
95029,RGR
95574,SGC
95953,SYNL
96021,SYY
96869,TRC
96943,TFX
97134,TNC
97210,TER
97216,TEX
97476,TXN
97745,TMO
98222,TDW
98246,TIF
98362,TKR
98677,TR
99302,TRNS
99780,TRN
100378,TWIN
100493,TSN
100517,UAL
100591,AGX
100726,UFI
100885,UNP
101199,UFCS
101382,UMBF
101778,MRO
101829,UTX
101830,S
101984,UEIC
102037,UVV
102212,UVSP
102729,VMI
102752,VSEC
103145,VECO
103379,VFC
103595,VLGEA
103730,VSH
104169,WMT
104889,GHC
104894,WRE
104918,AVA
105016,WSO
105132,WDFC
105418,WMK
105634,EME
105770,WST
106040,WDC
106532,WEYS
106535,WY
106640,WHR
107263,WMB
107687,WGO
108312,WWD
108385,WRLD
108516,WOR
108772,XRX
108985,YORW
109198,TJX
109380,ZION
109563,AIT
110471,WWW
110621,RPM
200406,JNJ
203527,VAR
203596,WSBC
215466,CDE
216085,HVT
216228,ITT
216593,APRE
217346,TXT
225648,CVA
230557,SIGI
275053,NATR
276720,PCYO
277135,GWW
277509,FSS
277948,CSX
278166,CVCO
310142,SXT
310158,MRK
310354,SXI
310764,SYK
311094,WABC
313143,HAE
313616,DHR
313927,CHD
314489,BUSE
315131,PHX
315189,DE
315213,RHI
315293,AON
315374,HURC
315709,IBOC
315852,RRC
315858,BBX
316253,ENZ
316709,SCHW
317540,COKE
317788,APPS
318154,AMGN
318300,PEBO
318306,ABEO
318833,TISI
319201,KLAC
320187,NKE
320193,AAPL
320340,INS
350698,AN
350797,EV
350852,CTBI
350868,ITI
350894,SEIC
351569,ABCB
351817,SBOW
352541,LNT
352825,FSTR
352915,UHS
353020,AEGN
353569,QDEL
354190,AJG
354647,CVBF
354707,HE
354908,FLIR
354950,HD
354963,SHEN
355811,GNTX
356171,TCBK
356309,NJR
357173,OSBC
357301,TRST
700564,FULT
700565,FMBH
700923,MYRG
701221,CI
701288,ATRI
701347,CPF
701374,SIX
701869,IHC
701985,LB
702165,NSC
702325,FMBI
702513,BOCH
703351,EAT
703604,LAWS
704051,LM
704159,VBIV
704415,TVTY
705432,SBSI
706129,HBNC
706688,AAN
706698,UTMD
706863,UNB
707179,ONB
707549,LRCX
708781,CASS
708821,PAR
708955,FFBC
709337,FMNB
711377,NEOG
711404,COO
711669,CBAN
711772,CATC
712034,ACCO
712515,EA
712534,FRME
712537,FCF
712770,OLP
712771,CNOB
713425,AMSWA
713676,PNC
714310,VLY
714395,GABC
714562,THFF
715072,RNST
715579,ACNB
715787,TILE
715957,D
716006,YRCW
716133,CBB
716314,GHM
716605,PWOD
716634,RDI
716643,RGS
717423,MUR
717538,AROW
717605,HXL
717720,VALU
717954,UNF
718877,ATVI
718937,STAA
719220,STBA
719413,HL
719739,SIVB
719955,WSM
720005,RJF
720672,SF
720858,ITIC
721371,CAH
721994,LKFN
722723,HNGR
722830,IMMU
723125,MU
723188,CBU
723254,CTAS
723531,PAYX
723603,CULP
723612,CAR
723646,FRAF
724004,MLAB
724910,NVEC
725363,CVM
726601,CCBG
726728,O
726854,CHCO
726958,CASY
727207,AXDX
727273,CDZI
728535,JBHT
729986,UBSI
730255,CAMP
730263,THO
730272,RGEN
730464,ATGE
730708,SBCF
731012,HCSG
731766,UNH
731802,ATO
732712,VZ
732717,T
732834,CLR
733590,TCI
736772,CCNE
737207,MRNA
737468,WASH
737758,TTC
740260,VTR
740663,FLIC
741516,AMNB
742112,IVC
742126,ECOL
742278,RES
743238,SPAR
743316,MXIM
743367,BHB
743988,XLNX
744187,REX
745308,JOE
745732,ROST
746515,EXPD
746598,BRC
746838,UIS
749251,IT
750004,SGMS
750686,CAC
751364,NNN
751978,VICR
752642,UMH
752714,MGRC
753308,NEE
755001,UTL
759944,CFG
760498,BANF
761648,CDR
763563,CHMG
763744,LCII
763901,BPOP
764038,SSB
764065,CLF
764180,MO
764401,IIIN
764478,BBY
764622,PNW
765207,FNLC
766421,ALK
766701,CMO
766829,SJW
768835,BIG
768899,TBI
769397,ADSK
769520,MIDD
771497,ABM
772406,CRUS
773141,MDC
773840,HON
775158,OSK
775368,Y
776867,WTM
776901,INDB
779152,JKHY
780571,ITRI
783280,DRE
783325,WEC
783412,DJCO
784199,CRY
784977,POR
785786,PLXS
785956,JJSF
788329,JOUT
788784,PEG
788965,HNRG
789019,MSFT
789460,INT
789570,MGM
789933,NC
790051,CSL
790359,NBTB
790526,RDNT
790703,TECD
790816,BDN
791915,CY
791963,OPY
792966,FMAO
792977,AMAG
792987,ASTE
793074,WERN
793733,SKYW
793952,HOG
794170,TOL
794172,VIVO
794367,M
794619,AMWD
795266,KBH
795403,WTS
796343,ADBE
796505,CLFD
796534,NKSH
797468,OXY
797721,VSAT
798287,PTSI
798354,FISV
798359,IRET
798783,UHT
798941,FCNCA
798949,UNT
799167,MRTN
799233,HTLD
799288,LE
799292,MHO
799850,CRMT
800240,ODP
800457,DGICA
801337,WBS
802481,PPC
802681,BMTC
803649,EQC
804328,QCOM
804753,CERN
805676,PRK
805928,AXGN
806279,CVLY
807863,MITK
807882,JACK
808450,NAV
809248,TAST
810136,PLAB
810958,CZNC
811156,CMS
811589,FBNC
811596,KALU
811808,SMMF
811831,NBN
812011,MTN
812074,OI
812128,SAFM
812348,CNBKA
813672,CDNS
814184,TCF
814453,NWL
814547,FICO
814549,EBIX
814585,MBI
815094,ABMD
815556,FAST
816761,TDC
816956,CNMD
817720,SYNA
818033,HRTX
818479,XRAY
819793,AIN
819913,HALL
820027,AMP
820313,APH
820318,IIVI
821002,GIII
821026,ANDE
821127,BPFH
821130,USM
821189,EOG
821483,PARR
822416,PHM
822663,IPAR
822818,CLH
823768,WM
824142,AAON
824410,SASR
825542,SMG
826154,ORRF
826675,DX
827052,EIX
827054,MCHP
827187,SNBR
827871,EGRX
828916,WRI
828944,WSFS
829224,SBUX
830122,PICO
830524,CCF
831001,C
831259,FCX
831547,SPPI
831641,TTEK
832101,IEX
832428,SSP
832988,SIG
833079,MTH
833444,JCI
833640,POWI
834285,FRBK
834365,BLFS
835011,MGPI
835324,SYBT
835887,PGNX
836157,LNN
837465,ELY
840489,FCFS
842023,TECH
842162,LEA
842183,RPT
842518,EVBN
842633,TRS
844059,FRPH
844965,TTI
846475,ZYXI
846617,BDGE
846901,LBAI
849146,LFVN
849869,SLGN
850141,HMN
850209,FL
850261,SRNE
850429,TG
850460,WIRE
851205,CGNX
851310,HLIT
851520,EXPO
851968,MHK
852772,DENN
853816,LSTR
854560,GSBC
854775,DGII
855612,ZIXI
855654,IMGN
855658,LSCC
855874,TCFC
856982,MMSI
857005,PTC
857855,UCBI
858339,CZR
858470,COG
858655,HAYN
858877,CSCO
859070,FCBC
859163,AVX
859598,CKH
859737,HOLX
860413,FIBK
860546,OFC
860730,HCA
860731,TYL
861459,GVA
861842,CATY
861878,SRCL
861884,RS
862831,FISI
863110,ARTNA
863436,BHE
864749,TRMB
865752,MNST
866273,MTRX
866368,PSB
866706,ESE
866729,SCHL
866787,AZO
866829,HLX
867665,AXAS
867773,SPWR
868671,GBCI
868780,DORM
868857,ACM
870385,CARO
871763,MAN
872589,REGN
873303,SRPT
873860,OCN
874015,IONS
874238,STRL
874396,LCUT
874499,GPOR
874501,AMBC
874716,IDXX
874761,AES
874766,HIG
874866,CRVL
874977,STFC
875045,BIIB
875320,VRTX
875357,BOKF
875622,BSTC
876167,PRGS
876378,TRXC
876427,MNRO
876437,MTG
876523,EZPW
876883,MDCA
877212,ZBRA
877422,SPTN
877860,NHI
877890,CTXS
878927,ODFL
879101,KIM
879169,INCY
879407,ARWR
879526,WNC
879585,ATNI
879635,MPB
880117,JBSS
880266,AGCO
880432,MSON
880631,WETF
880807,AMSC
882095,GILD
882104,PDLI
882184,DHI
882796,BCRX
882835,ROP
883237,VRTS
883241,SNPS
883569,FOSL
883984,ICUI
884217,TLRD
884219,VVI
884614,UGI
884624,OFIX
884887,RCL
885245,BKE
885508,STRS
885550,CACC
885639,KSS
885725,BSX
885978,USPH
886136,SGA
886158,BBBY
886163,LGND
886206,FC
886346,KAI
886744,GERN
886982,GS
887343,COLB
887359,VCEL
887596,CAKE
887730,KEM
887733,CENT
887905,LTC
887919,PFBI
887921,REV
887936,FCN
888491,OHI
889331,LFUS
889900,PTEN
890319,TCO
890541,BLX
890564,ASGN
890926,RDN
891014,MTX
891024,PDCO
891103,IAC
891166,UVE
892222,BREW
892537,MANT
892553,GTLS
893538,SM
893691,DOOR
893847,HWBK
893949,MD
894081,ATSG
894405,ARCB
894671,OVBC
895051,CASI
895126,CHK
895417,ELS
895419,CREE
895421,MS
895447,SCVL
895456,RCKY
896156,ETH
896159,CB
896262,AMED
896264,USNA
896622,ATR
896841,AVID
896878,INTU
897077,ALG
897429,CHS
897723,SANM
898173,ORLY
898174,RGA
898293,JBL
898437,ANIK
899051,ALL
899460,MNKD
899629,AKR
899689,VNO
899715,SKT
899749,HR
899751,TWI
899866,ALXN
899923,MYGN
900075,CPRT
901491,PZZA
902791,BBSI
903129,THRM
903419,ALRS
904163,ANAT
906107,EQR
906163,NVR
906345,CPT
906465,QCRH
906553,BYD
906709,NKTR
907242,MCRI
907254,BFS
907471,CASH
908255,BWA
908311,CMCT
908315,WINA
908937,SIRI
909108,DHIL
909494,TCX
909832,COST
910073,NYCB
910108,LXP
910329,MED
910406,HAIN
910521,DECK
910606,REG
910612,CBL
910638,DDD
911109,MINI
911147,CNTY
911177,CWST
911216,PTN
911971,TK
912093,VIAV
912242,MAC
912463,GES
912562,ROCK
912593,SUI
912595,MAA
912603,SCHN
912615,URBN
912728,FWRD
912752,SBGI
912766,LAUR
912767,UFPI
913142,BDC
913144,RNR
913241,SHOO
913277,CLAR
913341,CFFI
913760,INTL
914025,PLT
914156,UFPT
914208,IVZ
914475,NBIX
915389,EMN
915778,DSPG
915779,DAKT
915840,BZH
915912,AVB
915913,ALB
916076,MLM
916365,TSCO
916540,DAR
916789,HELE
916907,SMBC
917251,ADC
917273,RMBS
917470,ZEUS
917491,FARO
917520,IART
918251,MPAA
918541,NNBR
918646,EXP
918965,SCSC
919012,AEO
920112,HTLF
920148,LH
920371,SSD
920427,UNTY
920465,LJPC
920522,ESS
920760,LEN
921082,HIW
921299,FGEN
921557,RBCAA
921582,IMAX
921738,PENN
921825,FR
922224,PPL
922621,ERIE
922864,AIV
923120,GBX
923139,FFIC
923796,GEO
924717,SRDX
924822,MLR
924901,CLI
925645,CETV
926282,ADTN
926326,OMCL
927003,AEIS
927066,DVA
927355,TESS
927628,COF
927653,MCK
928022,CPE
928054,FTK
928340,CWCO
928658,CVTI
929008,WCC
929940,AZPN
930236,RWT
930420,KFRC
931015,PII
932696,NSIT
933036,RCII
933141,IBKC
933974,BRKS
934549,ACTG
935036,ACIW
935419,RICK
935494,NATI
935703,DLTR
936340,DTE
936395,CIEN
936468,LMT
936528,WAFD
937098,TNET
937556,MASI
939767,EXEL
940942,HUBG
940944,DRI
943452,WAB
943819,RMD
943861,GDP
944148,CBZ
944314,LSI
944695,THG
944745,CIVB
944809,OPK
945114,SYX
945764,DNR
945841,POOL
946581,TTWO
946647,FDEF
946673,BANR
947484,ACGL
947559,FBMS
949039,DO
949157,CENX
949870,SAM
1000177,NAT
1000209,MFIN
1000228,HSIC
1000623,SWM
1000694,NVAX
1000697,WAT
1000753,NSP
1001039,DIS
1001082,DISH
1001115,GEOS
1001233,SGMO
1001250,EL
1001316,TGTX
1001385,NWPX
1001838,SCCO
1002047,NTAP
1002517,NUAN
1002910,AEE
1003078,MSM
1003201,MMAC
1004434,AMG
1004702,OCFC
1004980,PCG
1005229,CMCO
1005284,OLED
1005286,LNDC
1005409,DCOM
1005731,IDT
1005757,CSGS
1005817,TMP
1006269,LORL
1006655,EPM
1007330,PRGX
1007587,KVHI
1008654,TUP
1008848,ACOR
1010086,SIGA
1010470,PROV
1010612,SYKE
1011570,KNL
1012019,RUSHA
1012100,SEE
1012771,FFG
1013237,FDS
1013272,NWFL
1013462,ANSS
1013488,BJRI
1013857,PEGA
1013871,NRG
1013880,TTEC
1013934,STRA
1014473,VRSN
1015328,WTFC
1015780,ETFC
1015820,QGEN
1016169,ATRS
1016281,CSV
1017480,HIBB
1018164,WLFC
1018399,EBTC
1018724,AMZN
1018840,ANF
1018963,ATI
1018979,AMSF
1019849,PAG
1020214,CERS
1020569,IRM
1020710,DXPE
1020859,UNFI
1021162,TGI
1021561,NUS
1021635,OGE
1021860,NOV
1022079,DGX
1022408,PLUS
1022652,INSG
1022671,STLD
1023024,ANIP
1023128,LAD
1023313,FORR
1023459,SLP
1023731,EGHT
1024305,COTY
1024478,ROK
1024725,TEN
1025378,WPC
1025835,EFSC
1025996,KRC
1027838,TCMD
1028918,PPBI
1028954,SBBX
1029142,DVAX
1029199,EEFT
1029800,UBA
1030469,OFG
1031029,SRT
1031203,GPI
1031296,FE
1031316,FSP
1032033,SLM
1032208,SRE
1032220,MMS
1033012,FBC
1033905,LMNX
1034054,SBAC
1034842,RIGL
1035002,VLO
1035092,SHBI
1035201,CWT
1035267,ISRG
1035443,ARE
1035976,FNCB
1035983,FIX
1037038,RL
1037390,GRIF
1037540,BXP
1037646,MTD
1037676,ARCH
1037868,AME
1037976,JLL
1038074,SLAB
1038133,HSKA
1038357,PXD
1038773,SMBK
1039065,OSIS
1039399,FORM
1039684,OKE
1039828,AEL
1040130,PETS
1040829,RHP
1040971,SLG
1041024,RMTI
1041061,YUM
1041368,RVSB
1041803,PSMT
1041859,PLCE
1042046,AFG
1042074,CBAY
1042729,MBWM
1042776,PDM
1042893,DRQ
1043219,NLY
1043277,CHRW
1043337,SRI
1043509,SAH
1043604,JNPR
1045309,GRA
1045450,EPR
1045609,PLD
1045810,NVDA
1046025,HFWA
1046050,TSBK
1046257,INGR
1046311,CHH
1047122,RTN
1047127,AMKR
1047335,NHC
1047340,FDP
1047862,ED
1047884,ANH
1048268,IESC
1048286,MAR
1048477,BMRN
1048695,FFIV
1048911,FDX
1049502,MKSI
1049521,MRCY
1049606,CIX
1049782,BRKL
1050377,CNXN
1050441,EGBN
1050446,MSTR
1050743,PGC
1050797,COLM
1050825,SCS
1050915,PWR
1051470,CCI
1051512,TDS
1051627,AXTI
1052100,WDR
1052595,RLH
1052752,GTY
1053352,HTBK
1053507,AMT
1053584,MCBC
1053706,CRAI
1054905,IOSP
1055160,MFA
1055726,INO
1056696,MANH
1056903,AWR
1056943,PFIS
1057060,HZO
1057352,CSGP
1057379,HCKT
1057706,FBP
1057877,IDA
1058057,MRVL
1058090,CMG
1058290,CTSH
1058623,CMLS
1058811,IMMR
1058867,GNTY
1059262,SP
1059556,MCO
1060349,GBL
1060391,RSG
1060736,SGEN
1060822,CRI
1061630,BXMT
1061983,CYTK
1062231,AXL
1062579,DOX
1062822,LXRX
1063344,HT
1063761,SPG
1064728,BTU
1065088,EBAY
1065280,NFLX
1065332,EGOV
1065696,LKQ
1065837,SKX
1066194,EGAN
1066605,HSII
1067294,CBRL
1067701,URI
1067837,ETM
1068851,PB
1068875,BCOR
1069157,EWBC
1069183,AAXN
1069202,LII
1069258,KTOS
1069308,ACER
1069533,RGCO
1069878,TREX
1069899,PAHC
1069996,FNHC
1070081,PTCT
1070154,STL
1070296,FCAP
1070412,CNX
1070494,ACAD
1070524,GCBC
1070750,HST
1070985,CXW
1071255,GDEN
1071739,CNC
1073349,EPAY
1073429,USCR
1074902,LCNB
1076930,NOVT
1077183,NEO
1077428,TCBI
1077688,HOFT
1077771,UMPQ
1078075,NTCT
1078099,MEET
1078271,EXTR
1080014,INVA
1080709,ARNA
1082324,VHC
1082554,UTHR
1082923,STMP
1083446,AMEH
1084048,JCOM
1084384,TEUM
1084765,RECN
1084869,FLWS
1084961,ECPG
1084991,NGS
1085869,PRFT
1086222,AKAM
1088856,CORT
1089063,DKS
1089143,CLCT
1089872,GAIA
1090009,SFST
1090012,DVN
1090061,OMN
1090425,LAMR
1090727,UPS
1090872,A
1091667,CHTR
1091883,CIR
1091907,WWE
1092699,SPSC
1092796,AOBC
1093557,DXCM
1093672,PEBK
1093691,PLUG
1094285,TDY
1094742,MNSB
1094810,MFSF
1094831,BGCP
1095073,RE
1095565,HSTM
1095651,STAR
1096056,LXFR
1096343,MKL
1096752,EPC
1097149,ALGN
1097864,ON
1098151,FDBC
1098972,AGEN
1099219,MET
1099800,EW
1100441,RTIX
1100682,CRL
1101215,ADS
1101239,EQIX
1101302,ENTG
1101396,DLA
1101680,DZSI
1102112,PACW
1102238,ARL
1102266,CSFL
1102934,CCMP
1102993,LPSN
1103021,BDSI
1103982,MDLZ
1104485,NOG
1104506,INSM
1104657,MTRN
1107421,ZIOP
1107843,QLYS
1108109,CYH
1108134,BHLB
1108426,PNM
1108524,CRM
1108827,QEP
1109116,EVC
1109242,HAFC
1109354,BRKR
1109357,EXC
1109546,PMBC
1110803,ILMN
1111335,VC
1111711,NI
1111928,IPGP
1113169,TROW
1113232,ACLS
1113256,MTOR
1114483,ITGR
1114995,PI
1115055,PNFP
1115128,QUOT
1116132,TPR
1116463,OSUR
1116942,TTMI
1117297,QNST
1117480,CMRX
1118417,MODN
1120193,NDAQ
1120914,PDFS
1121484,OIS
1121788,GRMN
1122904,NTGR
1122976,POL
1123360,GPN
1124140,EXAS
1124198,FLR
1124524,CYRX
1124610,VMW
1124804,MDRX
1124941,BECN
1125345,MGNX
1125376,ENSG
1126328,PFG
1126741,GSIT
1126956,SR
1127371,CVCY
1127703,PRA
1128361,HOPE
1128928,FLO
1129155,MPX
1129260,VCRA
1130144,BSRR
1130310,CNP
1130464,BKH
1130713,OSTK
1131554,SNCR
1132105,SPWH
1132651,ATLO
1133311,TZOO
1133416,GALT
1133421,NOC
1133470,CVGW
1135185,AAWW
1136174,CATS
1136869,ZBH
1136893,FIS
1137547,UBFO
1137774,PRU
1138639,INFN
1138723,ARAY
1140536,WLTW
1140859,ABC
1141103,CCRN
1141391,MA
1141807,FCCY
1142417,NXST
1142596,NUVA
1142750,AMN
1144215,AYI
1144519,BG
1144980,ABG
1145057,FSCT
1145197,PODD
1156039,ANTM
1156375,CME
1157408,LRN
1157601,MDGL
1157647,WNEB
1158114,AAOI
1158172,SCOR
1158324,CCOI
1158449,AAP
1158463,JBLU
1158895,LMAT
1159036,HALO
1159167,IRBT
1160308,SVRA
1160791,GORO
1160958,IPHI
1161728,MGEE
1162112,RNET
1162194,FLDM
1162461,CUTR
1163165,COP
1163302,X
1163370,NRIM
1163739,NBR
1164727,NEM
1164863,NPO
1165002,WHG
1166003,XPO
1166126,JCP
1166388,VRNT
1166691,CMCSA
1166928,WTBA
1168054,XEC
1169445,CPSI
1169561,CVLT
1169652,ECOM
1169770,BANC
1170010,KMX
1171155,RLGT
1171662,GTS
1171759,RRGB
1171825,CIT
1172052,SAFT
1172222,HA
1173431,AMTD
1173489,CEVA
1173514,HY
1174850,NCBS
1174922,WYNN
1175151,CTSO
1175454,FLT
1175483,DS
1175505,FPRX
1175535,WSR
1176948,ARES
1177394,SNX
1177609,FIVE
1177648,ENTA
1177702,SAIA
1178670,ALNY
1178711,PRTK
1178879,FOLD
1178970,PFS
1179929,MOH
1180145,CSII
1180262,HLF
1183765,MTEM
1185348,PRAA
1192448,GKOS
1195734,PBPB
1196501,HMSY
1200375,CDXS
1201792,APEI
1206264,TPX
1207074,VRTU
1207179,GLNG
1209028,AI
1212458,PFPT
1212545,WAL
1214816,AXS
1217234,CDNA
1219601,CCK
1220754,PRSC
1222840,RPAI
1223389,CONN
1224133,MCHX
1224608,CNO
1226616,MNOV
1227025,NPTN
1227500,EQBK
1227654,CMP
1228454,BCBP
1232524,JAZZ
1232582,AHT
1234006,GOOD
1235010,MNTA
1235468,LQDT
1237746,EIGI
1237831,GMED
1252849,CXP
1253689,GLYC
1255474,WLL
1257640,KRO
1258602,NNI
1260221,TDG
1260968,MRLN
1262039,FTNT
1262104,MEIP
1262823,WLK
1262976,CMPR
1263762,SLCT
1264587,STML
1265131,HTH
1267238,AIZ
1267565,COLL
1267813,MRNS
1269021,PTLA
1270073,ICPT
1271214,XENT
1272830,VG
1272842,AIRG
1273685,NYMT
1273813,AGO
1274173,JHG
1274494,FSLR
1275014,UCTT
1275158,NDLS
1275187,ANGO
1276520,GNW
1277902,MVBF
1278021,MKTX
1278027,BGS
1280058,BLKB
1280263,AMBA
1280452,MPWR
1280600,XLRN
1281761,RF
1282637,NEU
1282977,GHL
1283630,ACC
1283699,TMUS
1284812,CNS
1285785,MOS
1285819,OMER
1286043,KRG
1286225,RP
1286681,DPZ
1287213,PLOW
1287865,MPW
1288403,WTI
1288469,MXL
1288847,FIVN
1289308,ENS
1289419,MORN
1289460,TXRH
1289490,EXR
1289790,MIC
1289848,HURN
1289877,SFL
1289945,SPOK
1290677,TPB
1290900,CVGI
1293282,TTGT
1293971,BLUE
1294133,INGN
1295401,TBBK
1295664,KRNY
1295810,SHO
1295947,PBH
1296205,ZAGG
1296435,NP
1296445,ORA
1297184,AMPH
1297989,EXLS
1297996,DLR
1298675,CUBE
1298946,DRH
1299130,PACB
1300514,LVS
1300699,ATNX
1301787,BXC
1302215,HLI
1302324,PBIP
1303313,LHCG
1303942,BFIN
1304421,CNSL
1305253,EIGR
1305773,CFMS
1306830,CE
1307954,HUN
1308161,FOXA
1308208,ULH
1308547,DLB
1308606,SRC
1309108,WEX
1309402,GPRE
1311370,LAZ
1313275,BCOV
1314052,AVXL
1315255,GTT
1315257,KOP
1315399,PKBK
1316835,BLDR
1317945,OFLX
1318008,ZUMZ
1318084,CORE
1318484,CTRN
1318568,EVRI
1318605,TSLA
1320414,SEM
1320461,CPS
1320695,THS
1321646,KRA
1321732,PEN
1322439,EGLE
1322505,ALBO
1323648,ESXB
1323885,ATRC
1324272,RUTH
1324404,CF
1324424,EXPE
1324948,ROLL
1325618,IRMD
1325670,SONA
1326160,DUK
1326200,GNK
1326380,GME
1326732,XNCR
1326801,FB
1327567,PANW
1327688,OOMA
1327811,WDAY
1328143,ADMS
1328581,BCC
1330421,BV
1331284,DHT
1331520,HOMB
1331875,FNF
1332349,BKD
1333493,EHTH
1334036,CROX
1334325,CODA
1334933,UEC
1334978,CCO
1335258,LYV
1336920,LDOS
1337298,FF
1337553,AERI
1337619,ENV
1338749,PCH
1339469,CHMA
1339605,HEES
1340652,CCXI
1341141,CTT
1341235,ALDX
1341439,ORCL
1341766,CELH
1342287,GFN
1342423,LMNR
1345016,YELP
1345105,CPA
1346830,CARA
1347178,VNDA
1347652,CORR
1347858,XXII
1348911,KALV
1349436,SD
1350381,INWK
1350593,MWA
1350653,ATEC
1351051,GEN
1351285,RST
1351413,SDRL
1351636,SSTI
1352010,EPAM
1353283,SPLK
1354327,PGTI
1356576,SUPN
1357204,DNKN
1357615,KBR
1358071,CXO
1358762,RETA
1359841,HBI
1360604,HTA
1360901,EVR
1361113,VRNS
1361538,PRIM
1361983,ORBC
1362004,ICFI
1362468,ALGT
1362988,AYR
1363829,ESGR
1364250,DEI
1364479,HRI
1364742,BLK
1364885,SPR
1364954,CHGG
1365135,WU
1365916,AMRS
1366246,GLUU
1367644,EBS
1367920,CNCE
1368148,ATHX
1368265,CLNE
1368458,SBH
1368514,ADMA
1368622,AVAV
1369568,CPRX
1370053,ANAB
1370450,WLDN
1370637,ETSY
1370880,FEYE
1370946,OC
1371285,TRUP
1371489,III
1372020,GLDD
1372612,BOX
1373670,GRBK
1373715,NOW
1374310,CBOE
1374535,AIMC
1375151,ZGNX
1375796,TLRA
1376139,CVI
1377121,PTGX
1377630,NCMI
1378624,CBMG
1378946,PBCT
1378992,BERY
1379041,EIG
1380846,TSC
1381197,IBKR
1381531,UFS
1381668,TFSL
1382230,ESSA
1382821,RDFN
1383312,BR
1384101,VCYT
1384195,REI
1384905,RNG
1385280,CNK
1385613,GLRE
1385867,COUP
1386278,GDOT
1386570,CDXC
1387467,AOSL
1388430,CAI
1388658,IRTC
1389050,AROC
1389170,TRGP
1390162,HBMD
1390777,BK
1390844,WBC
1391127,LLNW
1392972,PRO
1393052,VEEV
1393311,PSA
1393434,OCUL
1393612,DFS
1393726,TIPT
1393883,DHX
1395848,IOTS
1395937,SNDX
1395942,KAR
1396009,VMC
1396033,LL
1396814,PCRX
1397187,LULU
1397911,LPLA
1398659,G
1398987,RLGY
1399249,PZN
1399529,DRNA
1400810,HCI
1401257,FET
1401521,UIHC
1401564,FFNW
1401667,PBYI
1401680,CSOD
1401700,NFBK
1401708,NSTG
1402057,CDW
1402436,SSNC
1403161,V
1403431,HCCI
1403475,BMRC
1403568,ULTA
1404655,HUBS
1405495,IDCC
1406587,FOR
1406666,CALX
1407067,FSB
1407623,ROIC
1408075,GPK
1408100,KW
1408198,MSCI
1408534,FGBI
1408710,FN
1409171,TITN
1409493,CIM
1409970,LC
1410098,CRMD
1410384,QTWO
1410636,AWK
1411207,ALSN
1411342,EFC
1411579,AMC
1411688,TCS
1412665,MOFG
1413159,TGH
1413329,PM
1413837,FFWM
1415404,SATS
1417398,HI
1418091,TWTR
1418121,APLE
1418819,IRDM
1419041,TOCA
1419600,FLXN
1419945,TNK
1420302,LOGM
1420488,MLVF
1420800,CFX
1420811,ONDK
1421182,VRS
1421461,IPI
1421517,ERII
1422143,KURA
1422841,WAAS
1423221,NX
1423689,AGNC
1424929,FOXF
1425205,IOVA
1425450,KIDS
1426800,ASMB
1426945,ECHO
1427925,ACRX
1428205,ARR
1428336,HQY
1428439,ROKU
1428522,RDUS
1428875,SERV
1430723,SFBS
1431567,OVLY
1433195,APPF
1433270,AR
1433642,HLNE
1433660,JBT
1433714,CSLT
1434316,FATE
1434588,LOPE
1434621,TREE
1434728,GWRS
1434754,SB
1434868,ESPR
1435049,ADRO
1436126,MG
1436425,HBCP
1437071,IVR
1437107,DISCA
1437352,EVBG
1437402,ARDX
1437578,BFAM
1438133,TNDM
1438231,DMRC
1438533,RTRX
1439095,MRC
1439222,AGIO
1439288,RXN
1439404,ZNGA
1440024,RRTS
1441236,CLW
1441683,APPN
1441693,MBII
1441816,MDB
1442145,VRSK
1442626,BRG
1442836,MRSN
1443646,BAH
1443669,PRLB
1444363,GCAP
1444380,NVRO
1445305,WK
1446847,IRWD
1447051,TBNK
1447599,FIT
1447669,TWLO
1448056,NEWR
1448431,OPRX
1448893,ESNT
1451505,RIG
1455684,TPIC
1458891,NE
1459200,ALRM
1459417,TWOU
1461755,ACBI
1462120,LOB
1462418,ASPS
1463101,ENPH
1463172,ZEN
1463258,REGI
1464423,PMT
1464790,RILY
1465128,STWD
1465740,TWO
1465885,WMC
1466026,MSBI
1466085,IRT
1466258,IR
1466301,CLVS
1466538,COWN
1466593,OTTR
1467373,ACN
1467760,ARI
1467858,GM
1468174,H
1468328,ADUS
1468666,SCWX
1469367,RUN
1469372,MSGN
1470099,MOBL
1471265,NWBI
1472595,RCM
1472787,FAF
1473844,CBTX
1474098,PEB
1474432,PSTG
1474439,TNAV
1474735,GNRC
1474903,BGSF
1475841,NBHC
1475922,PRI
1476034,MCB
1476045,CLDT
1476150,TRNO
1477294,ST
1477449,TDOC
1478121,PFNX
1479094,STAG
1479290,RVNC
1479419,KALA
1481512,RARX
1481582,RYI
1481792,QUAD
1481832,APTS
1482512,HPP
1483510,EXPR
1483934,STNG
1486159,OAS
1486957,BWXT
1487371,GNMK
1487712,AL
1487730,SPB
1487952,VPG
1488139,AMRC
1488813,CUBI
1489096,THR
1489393,LYB
1490281,GRPN
1490892,COR
1490906,CFFN
1492298,SBRA
1492422,APLS
1492426,HZNP
1492633,NLSN
1492658,WMGI
1492691,KNX
1493594,MTSI
1494259,CARG
1494319,UNVR
1494582,BOMN
1494650,OPTN
1494904,GBLI
1495240,LAND
1495320,VRA
1495932,EXPI
1496671,CALA
1497645,INN
1497770,WD
1498068,ARA
1498301,ASNA
1498710,SAVE
1498828,HHC
1499422,RBB
1500217,AAT
1500435,GPRO
1501134,NVTA
1501570,VBTX
1501585,HII
1501756,ADVM
1501989,CTMX
1502034,GNC
1503584,CMRE
1503802,KPTI
1504008,BKU
1504379,CSTE
1505155,UPLD
1505732,BWFG
1506307,KMI
1506439,SHSP
1507079,FND
1507385,VER
1509589,BCEI
1509991,KOS
1510295,MPC
1511337,RLJ
1512499,LIND
1512673,SQ
1512762,CHRS
1513761,NCLH
1514281,MITT
1514416,BAND
1514705,SXC
1514991,AMCX
1515156,ADES
1515673,RARE
1517022,AKBA
1517175,CHEF
1517228,COMM
1517302,APAM
1517396,SSYS
1518621,ORC
1518715,HMST
1518832,WPX
1519061,TSE
1519401,RM
1519751,FBHS
1520006,MTDR
1520262,ALKS
1520697,ACHC
1521036,LNTH
1521847,AMPY
1521951,FBIZ
1522690,GWGH
1524025,TLYS
1524358,VAC
1524472,XYL
1524741,SLCA
1524931,CHUY
1525221,ERA
1525769,PLAY
1525773,I
1526113,GNL
1526520,TRIP
1527469,ATH
1528129,LPI
1528356,GNE
1528396,GWRE
1528849,RH
1529377,ACRE
1529628,SND
1529864,ENVA
1530249,FSBW
1530766,BSGM
1530804,TROX
1530950,POST
1531031,ESQ
1532961,NVEE
1532981,EROS
1533615,GMRE
1534120,CERC
1534126,GLOG
1534504,PBF
1534701,PSX
1534992,FRGI
1535379,CLDR
1535929,VOYA
1537028,ICD
1537054,GOGO
1537917,TYME
1538263,HTBI
1538990,STOR
1539638,TBK
1539838,FANG
1541401,ESRT
1545654,ALEX
1546417,BLMN
1547459,NGVC
1547903,NMIH
1549346,SSTK
1549966,SAMG
1551152,ABBV
1551182,ETN
1551693,SIEN
1552033,TRU
1552451,MYOK
1553023,CONE
1555039,RESI
1555280,ZTS
1556263,SYRS
1556593,NRZ
1556727,FNWB
1557142,KDMN
1557746,ACRS
1559053,PRTA
1559865,EVTC
1560241,GTHX
1560327,RPD
1561680,TPH
1561743,KIN
1561894,HASI
1562401,AMH
1562463,INBK
1562476,TMHC
1564618,IBTX
1564902,SEAS
1567345,HMTV
1567514,ITCI
1567892,MNK
1568669,PFSI
1569187,AHH
1569329,YGYI
1569994,WSBF
1571123,SAIC
1571283,REXR
1571498,EPZM
1571776,CHMI
1571949,ICE
1573097,HDS
1573516,MUSA
1574540,DOC
1574774,BEAT
1574815,BMCH
1575189,MTCH
1575515,SFM
1575793,WATT
1575828,FI
1575965,GLPI
1576018,TPRE
1576169,BNFT
1576263,MRTX
1576940,CCS
1577368,QTS
1577437,ASC
1577670,LADR
1577916,PINC
1578732,MMI
1578735,NGHC
1578845,AGN
1579157,VNCE
1579214,EEX
1579241,ALLE
1579298,BURL
1579428,AXSM
1579823,NBEV
1579877,OUT
1580156,HMHC
1580608,SC
1580670,LGIH
1580808,ATEN
1580905,IBP
1581068,BRX
1581091,RMAX
1583107,TBPH
1583648,PIRS
1584207,OMF
1584509,ARMK
1584754,AKTS
1585364,PRGO
1585583,TACO
1585689,HLT
1585790,ADSW
1587264,SALT
1587523,KN
1587732,OGS
1588972,REPH
1589526,BLBD
1590717,CTRE
1590877,RGNX
1590895,ERI
1590955,PAYC
1590976,MBUU
1591670,FPI
1591698,PCTY
1592058,PRTY
1592386,VIRT
1593034,ENDP
1593222,CIO
1593538,NAVI
1593936,MIK
1594012,ISBC
1594109,GRUB
1594466,PE
1595097,CRBP
1595974,RUBI
1596532,ANET
1596783,CTLT
1596967,MC
1596993,LPG
1597033,SABR
1597264,BPMC
1597313,VRAY
1597553,SAGE
1597672,RYAM
1598014,INFO
1598428,TMST
1598646,NERV
1598665,HRTG
1598968,AM
1599489,VRTV
1599617,DNOW
1599947,TERP
1600033,ELF
1600125,EBSB
1600438,GMS
1601046,KEYS
1601548,VEC
1601712,SYF
1602658,ISTR
1603454,CELC
1604028,WMS
1604464,ATRA
1604643,AQUA
1604778,QRVO
1604821,NTRA
1605607,PGRE
1606268,SPKE
1606366,LOCO
1606745,LTRPA
1606757,KE
1607678,VKTX
1607716,VSLR
1608390,AFMD
1609253,CRC
1609702,CDK
1609711,GDDY
1609804,OEC
1609809,MCRB
1610114,SNR
1610250,BOOT
1610911,WPG
1611547,UE
1611647,FRPT
1611983,LBRDK
1612630,JYNT
1612720,NEXT
1613103,MDT
1613665,GWB
1613859,PRAH
1614178,YEXT
1614184,CADE
1614806,AJX
1615063,INSE
1616000,XHR
1616318,VSTO
1616533,SGH
1616543,SENS
1616707,W
1616862,AXTA
1617227,JAX
1617406,PK
1617640,Z
1618563,NSA
1618673,PFGC
1618732,NTNX
1618921,WBA
1619762,IGT
1619954,INOV
1620179,XELA
1620280,UNIT
1620393,NXRT
1620459,JRVR
1620533,SHAK
1621443,ZYNE
1621563,SUM
1622194,DEA
1622353,JCAP
1623613,MYL
1624794,CSWI
1624899,STE
1625101,PLSE
1626115,PJT
1626853,MJCO
1626878,XBIT
1627223,CC
1628063,SRG
1628908,EVH
1629019,MBIN
1629137,GBT
1630212,AVCO
1630472,TRTX
1631569,CHCT
1631574,WVE
1631596,KREF
1631650,AIMT
1632127,CABO
1632790,ENR
1633917,PYPL
1633931,BLD
1633978,LITE
1634117,BNED
1634432,SBBP
1634997,AGR
1635282,RMNI
1635718,GCI
1635840,PVBC
1635881,EXTN
1635984,NWLI
1636023,WRK
1636222,WING
1636282,AGLE
1636286,PUB
1636519,MSG
1637207,PLNT
1637459,KHC
1637761,SPNE
1638290,MCFT
1638833,SGRY
1639300,OLLI
1639691,LIVN
1640266,VYGR
1640455,JNCE
1641991,FLOW
1642081,ABTX
1642122,AC
1642380,OCX
1642453,DSKE
1644378,RMR
1644406,TWNK
1644440,GCP
1645113,NVCR
1645590,HPE
1646228,HOME
1649096,CLPR
1649338,AVGO
1649744,DLTH
1649749,FBK
1649904,RYTM
1650132,FCPT
1650372,TEAM
1650664,EDIT
1650729,SITE
1650962,WBT
1651094,ELVT
1651235,ACIA
1651407,CKPT
1651561,TRHC
1652044,GOOGL
1652130,NTLA
1652535,ICHR
1653242,NTB
1653477,NGVT
1653653,RRR
1654151,DCPH
1655020,XOG
1655075,AFI
1657853,HTZ
1658566,CDEV
1659122,ROSE
1659166,FTV
1660134,OKTA
1660734,TRTN
1662524,AKCA
1665918,USFD
1666134,BL
1666138,ATKR
1668224,HONE
1668243,URGN
1668397,MEDP
1668673,PETQ
1669162,KNSL
1669779,CWH
1669811,DFIN
1670541,ADNT
1671013,CATM
1671933,TTD
1672013,GOLF
1673358,YUMC
1673985,ASIX
1674168,HGV
1674335,JELD
1674862,ASH
1674910,VVV
1675149,AA
1675820,TIVO
1676479,CSTR
1677576,IIPR
1677703,CNDT
1677940,BYSI
1678463,FRTA
1679049,INSW
1679268,TUSK
1679273,LW
1680247,PUMP
1681206,NODK
1681622,VREX
1682325,GTYH
1683606,CARS
1685040,BHF
1687187,METC
1687221,REVG
1687229,INVH
1687932,JILL
1688568,DXC
1688852,SAFE
1688941,FBM
1689662,ARD
1689796,JBGS
1689813,BHVN
1689923,AYX
1690334,SMHI
1690666,XPER
1690820,CVNA
1691303,HCC
1691337,PCSB
1692063,SNDR
1692115,SWX
1692427,NCSM
1692819,VST
1693256,WTTR
1697500,SOI
1698514,NESR
1701051,WOW
1701108,SPRO
1701732,ALTR
1702744,SMPL
1702750,BY
1702780,ATUS
1703644,GPMT
1704711,FNKO
1705843,CLXT
1708035,PQG
1710155,EYE
1710583,SWCH
1711279,KRYS
